Site_ID,Asset_Type,Related_ID,File,Caption,Display_Order,External_URL,Embed_HTML,Notes
C1,current_photo,C1,detail_assets/photos/C1_photo_01.jpg,,1,,,
C1,current_photo,C1,detail_assets/photos/C1_photo_02.jpg,,2,,,
C1,current_photo,C1,detail_assets/photos/C1_photo_03.jpg,,3,,,
C1,current_photo,C1,detail_assets/photos/C1_photo_04.jpg,,4,,,
C1,current_photo,C1,detail_assets/photos/C1_photo_05.jpg,,5,,,
C1,current_photo,C1,detail_assets/photos/C1_photo_06.jpg,,6,,,
C1,current_photo,C1,detail_assets/photos/C1_photo_07.jpg,,7,,,
C1,current_photo,C1,detail_assets/photos/C1_photo_08.jpg,,8,,,
C1,current_photo,C1,detail_assets/photos/C1_photo_09.jpg,,9,,,
C1,current_photo,C1,detail_assets/photos/C1_photo_10.jpg,,10,,,
C1,current_photo,C1,detail_assets/photos/C1_photo_11.jpg,,11,,,
C1,drawing,C1,detail_assets/drawings/C1_drawing_01.jpg,Plan (Estimated Reconstruction Plan),1,,,
C1,drawing,C1,detail_assets/drawings/C1_drawing_02.jpg,East Elevation,2,,,
C1,drawing,C1,detail_assets/drawings/C1_drawing_03.jpg,N-S Section,3,,,
C1,drawing,C1,detail_assets/drawings/C1_drawing_04.jpg,E-W Section,4,,,
C1,old_photo,C1,detail_assets/oldphotos/OP_0003.jpg,Exterior: from south-east,1,,,
C1,old_photo,C1,detail_assets/oldphotos/OP_0007.jpg,Around false door opening with decorative lintel and colonnette: south face,2,,,
C1,old_photo,C1,detail_assets/oldphotos/OP_0008.jpg,"Upper part of the colonnette: west face, north side",3,,,
C1,old_photo,C1,detail_assets/oldphotos/OP_0009.jpg,"Middle part of colonnette: west face, south side",4,,,
C1,old_photo,C1,detail_assets/oldphotos/OP_0058.jpg,"Lion: east face, north side",5,,,
C1,old_photo,C1,detail_assets/oldphotos/OP_0059.jpg,"Decorative colonnette: north face, west side",6,,,
C1,old_photo,C1,detail_assets/oldphotos/OP_0060.jpg,"Decorative colonnette: north face, east side",7,,,
C1,old_photo,C1,detail_assets/oldphotos/OP_0061.jpg,Decorative lintel and colonnette (above false door opening): north face,8,,,
C1,old_photo,C1,detail_assets/oldphotos/OP_0062.jpg,"Decorative colonnette: south face, east side",9,,,
C1,old_photo,C1,detail_assets/oldphotos/OP_0063.jpg,Decorative lintel and colonnette: west face,10,,,
C1,old_photo,C1,detail_assets/oldphotos/OP_0159.jpg,Exterior: from south,11,,,
C1,old_photo,C1,detail_assets/oldphotos/OP_0160.jpg,Exterior: from north-east,12,,,
C1,old_photo,C1,detail_assets/oldphotos/OP_0161.jpg,Exterior: from south,13,,,
C1,old_photo,C1,detail_assets/oldphotos/OP_0162.jpg,Exterior: from south-east,14,,,
C1,old_photo,C1,detail_assets/oldphotos/OP_0163.jpg,"Lion: south face, east side",15,,,
C1,new_photo,C1,detail_assets/oldphotos/NP_0003.jpg,Exterior: from south-east,1,,,
C1,new_photo,C1,detail_assets/oldphotos/NP_0007.jpg,Around false door opening with decorative lintel and colonnette: south face,2,,,
C1,new_photo,C1,detail_assets/oldphotos/NP_0008.jpg,"Upper part of the colonnette: west face, north side",3,,,
C1,new_photo,C1,detail_assets/oldphotos/NP_0009.jpg,"Middle part of colonnette: west face, south side",4,,,
C1,new_photo,C1,detail_assets/oldphotos/NP_0058.jpg,"Lion: east face, north side",5,,,
C1,new_photo,C1,detail_assets/oldphotos/NP_0059.jpg,"Decorative colonnette: north face, west side",6,,,
C1,new_photo,C1,detail_assets/oldphotos/NP_0060.jpg,"Decorative colonnette: north face, east side",7,,,
C1,new_photo,C1,detail_assets/oldphotos/NP_0061.jpg,Decorative lintel and colonnette (above false door opening): north face,8,,,
C1,new_photo,C1,detail_assets/oldphotos/NP_0062.jpg,"Decorative colonnette: south face, east side",9,,,
C1,new_photo,C1,detail_assets/oldphotos/NP_0063.jpg,Decorative lintel and colonnette: west face,10,,,
C1,new_photo,C1,detail_assets/oldphotos/NP_0159.jpg,Exterior: from south,11,,,
C1,new_photo,C1,detail_assets/oldphotos/NP_0160.jpg,Exterior: from north-east,12,,,
C1,new_photo,C1,detail_assets/oldphotos/NP_0161.jpg,Exterior: from south,13,,,
C1,new_photo,C1,detail_assets/oldphotos/NP_0162.jpg,Exterior: from south-east,14,,,
C1,new_photo,C1,detail_assets/oldphotos/NP_0163.jpg,"Lion: south face, east side",15,,,
C1,3d_model,C1,,3D Model,1,https://sketchfab.com/3d-models/prasat-tao-c1-9b57d3931e444753abaddc443be9b5b3,,
C9-1,current_photo,C9-1,detail_assets/photos/C9-1_photo_01.jpg,,1,,,
C9-2,current_photo,C9-2,detail_assets/photos/C9-2_photo_01.jpg,,1,,,
C9-3,current_photo,C9-3,detail_assets/photos/C9-3_photo_01.jpg,,1,,,
C10,current_photo,C10,detail_assets/photos/C10_photo_01.jpg,,1,,,
C11,current_photo,C11,detail_assets/photos/C11_photo_01.jpg,,1,,,
C12,current_photo,C12,detail_assets/photos/C12_photo_01.jpg,,1,,,
C12,current_photo,C12,detail_assets/photos/C12_photo_02.jpg,,2,,,
C12,current_photo,C12,detail_assets/photos/C12_photo_03.jpg,,3,,,
C12,current_photo,C12,detail_assets/photos/C12_photo_04.jpg,,4,,,
C12,current_photo,C12,detail_assets/photos/C12_photo_05.jpg,,5,,,
C13,current_photo,C13,detail_assets/photos/C13_photo_01.jpg,,1,,,
C13,current_photo,C13,detail_assets/photos/C13_photo_02.jpg,,2,,,
C13,current_photo,C13,detail_assets/photos/C13_photo_03.jpg,,3,,,
C13,current_photo,C13,detail_assets/photos/C13_photo_04.jpg,,4,,,
C14-1,current_photo,C14-1,detail_assets/photos/C14-1_photo_01.jpg,,1,,,
C14-2,current_photo,C14-2,detail_assets/photos/C14-2_photo_01.jpg,,1,,,
C15-1,current_photo,C15-1,detail_assets/photos/C15-1_photo_01.jpg,,1,,,
C15-2,current_photo,C15-2,detail_assets/photos/C15-2_photo_01.jpg,,1,,,
C16,current_photo,C16,detail_assets/photos/C16_photo_01.jpg,,1,,,
C16,current_photo,C16,detail_assets/photos/C16_photo_02.jpg,,2,,,
C17-1,current_photo,C17-1,detail_assets/photos/C17-1_photo_01.jpg,,1,,,
C17-1,current_photo,C17-1,detail_assets/photos/C17-1_photo_02.jpg,,2,,,
C17-2,current_photo,C17-2,detail_assets/photos/C17-2_photo_01.jpg,,1,,,
C17-2,current_photo,C17-2,detail_assets/photos/C17-2_photo_02.jpg,,2,,,
C18-1,current_photo,C18-1,detail_assets/photos/C18-1_photo_01.jpg,,1,,,
C18-2,current_photo,C18-2,detail_assets/photos/C18-2_photo_01.jpg,,1,,,
C18-3,current_photo,C18-3,detail_assets/photos/C18-3_photo_01.jpg,,1,,,
C18-3,current_photo,C18-3,detail_assets/photos/C18-3_photo_02.jpg,,2,,,
C18-4,current_photo,C18-4,detail_assets/photos/C18-4_photo_01.jpg,,1,,,
C18-4,current_photo,C18-4,detail_assets/photos/C18-4_photo_02.jpg,,2,,,
C18-5,current_photo,C18-5,detail_assets/photos/C18-5_photo_01.jpg,,1,,,
C18-5,current_photo,C18-5,detail_assets/photos/C18-5_photo_02.jpg,,2,,,
C18-6,current_photo,C18-6,detail_assets/photos/C18-6_photo_01.jpg,,1,,,
C18-6,current_photo,C18-6,detail_assets/photos/C18-6_photo_02.jpg,,2,,,
D1,current_photo,D1,detail_assets/photos/D1_photo_01.jpg,,1,,,
D1,current_photo,D1,detail_assets/photos/D1_photo_02.jpg,,2,,,
D2,current_photo,D2,detail_assets/photos/D2_photo_01.jpg,,1,,,
D2,current_photo,D2,detail_assets/photos/D2_photo_02.jpg,,2,,,
D2,current_photo,D2,detail_assets/photos/D2_photo_03.jpg,,3,,,
D2,current_photo,D2,detail_assets/photos/D2_photo_04.jpg,,4,,,
D2,drawing,D2,detail_assets/drawings/D2_drawing_01.jpg,Plan,1,,,
D3,current_photo,D3,detail_assets/photos/D3_photo_01.jpg,,1,,,
D3,current_photo,D3,detail_assets/photos/D3_photo_02.jpg,,2,,,
D4,current_photo,D4,detail_assets/photos/D4_photo_01.jpg,,1,,,
M020,old_photo,M020,detail_assets/oldphotos/OP_0170.jpg,Inner enclosure,2,,,
M020,old_photo,M020,detail_assets/oldphotos/OP_0207.jpg,Balustrade of inner enclosure,5,,,
K1,current_photo,K1,detail_assets/photos/K1_photo_01.jpg,,1,,,
K1,current_photo,K1,detail_assets/photos/K1_photo_02.jpg,,2,,,
K1,current_photo,K1,detail_assets/photos/K1_photo_03.jpg,,3,,,
K1,drawing,K1,detail_assets/drawings/K1_drawing_01.jpg,Plan,1,,,
K2,current_photo,K2,detail_assets/photos/K2_photo_01.jpg,,1,,,
K2,current_photo,K2,detail_assets/photos/K2_photo_02.jpg,,2,,,
K2,current_photo,K2,detail_assets/photos/K2_photo_03.jpg,,3,,,
K2,drawing,K2,detail_assets/drawings/K2_drawing_01.jpg,Plan,1,,,
K2,drawing,K2,detail_assets/drawings/K2_drawing_02.jpg,North Elevation,2,,,
K3,current_photo,K3,detail_assets/photos/K3_photo_01.jpg,,1,,,
K3,drawing,K3,detail_assets/drawings/K3_drawing_01.jpg,Plan,1,,,
K4,current_photo,K4,detail_assets/photos/K4_photo_01.jpg,,1,,,
K4,current_photo,K4,detail_assets/photos/K4_photo_02.jpg,,2,,,
K4,current_photo,K4,detail_assets/photos/K4_photo_03.jpg,,3,,,
K4,drawing,K4,detail_assets/drawings/K4_drawing_01.jpg,Plan,1,,,
K5,current_photo,K5,detail_assets/photos/K5_photo_01.jpg,,1,,,
K5,current_photo,K5,detail_assets/photos/K5_photo_02.jpg,,2,,,
K5,current_photo,K5,detail_assets/photos/K5_photo_03.jpg,,3,,,
K5,drawing,K5,detail_assets/drawings/K5_drawing_01.jpg,Plan,1,,,
K6,current_photo,K6,detail_assets/photos/K6_photo_01.jpg,,1,,,
K6,current_photo,K6,detail_assets/photos/K6_photo_02.jpg,,2,,,
K6,current_photo,K6,detail_assets/photos/K6_photo_03.jpg,,3,,,
K6,current_photo,K6,detail_assets/photos/K6_photo_04.jpg,,4,,,
K6,current_photo,K6,detail_assets/photos/K6_photo_05.jpg,,5,,,
K6,current_photo,K6,detail_assets/photos/K6_photo_06.jpg,,6,,,
K6,current_photo,K6,detail_assets/photos/K6_photo_07.jpg,,7,,,
K6,current_photo,K6,detail_assets/photos/K6_photo_08.jpg,,8,,,
K6,current_photo,K6,detail_assets/photos/K6_photo_09.jpg,,9,,,
K6,current_photo,K6,detail_assets/photos/K6_photo_10.jpg,,10,,,
K6,current_photo,K6,detail_assets/photos/K6_photo_11.jpg,,11,,,
K6,current_photo,K6,detail_assets/photos/K6_photo_12.jpg,,12,,,
K6,current_photo,K6,detail_assets/photos/K6_photo_13.jpg,,13,,,
K6,current_photo,K6,detail_assets/photos/K6_photo_14.jpg,,14,,,
K6,current_photo,K6,detail_assets/photos/K6_photo_15.jpg,,15,,,
K6,drawing,K6,detail_assets/drawings/K6_drawing_01.jpg,Plan,1,,,
K7,current_photo,K7,detail_assets/photos/K7_photo_01.jpg,,1,,,
K7,current_photo,K7,detail_assets/photos/K7_photo_02.jpg,,2,,,
K7,current_photo,K7,detail_assets/photos/K7_photo_03.jpg,,3,,,
K7,current_photo,K7,detail_assets/photos/K7_photo_04.jpg,,4,,,
K7,current_photo,K7,detail_assets/photos/K7_photo_05.jpg,,5,,,
K7,current_photo,K7,detail_assets/photos/K7_photo_06.jpg,,6,,,
K7,drawing,K7,detail_assets/drawings/K7_drawing_01.jpg,Plan,1,,,
K8,current_photo,K8,detail_assets/photos/K8_photo_01.jpg,,1,,,
K8,current_photo,K8,detail_assets/photos/K8_photo_02.jpg,,2,,,
K8,drawing,K8,detail_assets/drawings/K8_drawing_01.jpg,Plan,1,,,
KH1,current_photo,KH1,detail_assets/photos/KH1_photo_01.jpg,,1,,,
KH1,current_photo,KH1,detail_assets/photos/KH1_photo_02.jpg,,2,,,
KH1,current_photo,KH1,detail_assets/photos/KH1_photo_03.jpg,,3,,,
KH1,current_photo,KH1,detail_assets/photos/KH1_photo_04.jpg,,4,,,
KH1,drawing,KH1,detail_assets/drawings/KH1_drawing_01.jpg,Plan before excavation survey and restoration work,1,,,
KH2,current_photo,KH2,detail_assets/photos/KH2_photo_01.jpg,,1,,,
KH2,current_photo,KH2,detail_assets/photos/KH2_photo_02.jpg,,2,,,
KH2,current_photo,KH2,detail_assets/photos/KH2_photo_03.jpg,,3,,,
KH2,current_photo,KH2,detail_assets/photos/KH2_photo_04.jpg,,4,,,
KH2,drawing,KH2,detail_assets/drawings/KH2_drawing_01.jpg,Plan before excavation survey and restoration work,1,,,
KH3,current_photo,KH3,detail_assets/photos/KH3_photo_01.jpg,,1,,,
KH3,current_photo,KH3,detail_assets/photos/KH3_photo_02.jpg,,2,,,
KH4,current_photo,KH4,detail_assets/photos/KH4_photo_01.jpg,,1,,,
L1,current_photo,L1,detail_assets/photos/L1_photo_01.jpg,,1,,,
L1,current_photo,L1,detail_assets/photos/L1_photo_02.jpg,,2,,,
L1,current_photo,L1,detail_assets/photos/L1_photo_03.jpg,,3,,,
L2,current_photo,L2,detail_assets/photos/L2_photo_01.jpg,,1,,,
L3,current_photo,L3,detail_assets/photos/L3_photo_01.jpg,,1,,,
L3,current_photo,L3,detail_assets/photos/L3_photo_02.jpg,,2,,,
L3,current_photo,L3,detail_assets/photos/L3_photo_03.jpg,,3,,,
L3,current_photo,L3,detail_assets/photos/L3_photo_04.jpg,,4,,,
L3,drawing,L3,detail_assets/drawings/L3_drawing_01.jpg,Plan,1,,,
L4,current_photo,L4,detail_assets/photos/L4_photo_01.jpg,,1,,,
L4,current_photo,L4,detail_assets/photos/L4_photo_02.jpg,,2,,,
L4,current_photo,L4,detail_assets/photos/L4_photo_03.jpg,,3,,,
L4,current_photo,L4,detail_assets/photos/L4_photo_04.jpg,,4,,,
L4,current_photo,L4,detail_assets/photos/L4_photo_05.jpg,,5,,,
L4,current_photo,L4,detail_assets/photos/L4_photo_06.jpg,,6,,,
L4,current_photo,L4,detail_assets/photos/L4_photo_07.jpg,,7,,,
L4,drawing,L4,detail_assets/drawings/L4_drawing_01.jpg,Plan,1,,,
L4,drawing,L4,detail_assets/drawings/L4_drawing_02.jpg,East Elevation,2,,,
L5,current_photo,L5,detail_assets/photos/L5_photo_01.jpg,,1,,,
L5,current_photo,L5,detail_assets/photos/L5_photo_02.jpg,,2,,,
L5,current_photo,L5,detail_assets/photos/L5_photo_03.jpg,,3,,,
L5,current_photo,L5,detail_assets/photos/L5_photo_04.jpg,,4,,,
L5,current_photo,L5,detail_assets/photos/L5_photo_05.jpg,,5,,,
L5,current_photo,L5,detail_assets/photos/L5_photo_06.jpg,,6,,,
L5,current_photo,L5,detail_assets/photos/L5_photo_07.jpg,,7,,,
L5,drawing,L5,detail_assets/drawings/L5_drawing_01.jpg,Plan,1,,,
L6,current_photo,L6,detail_assets/photos/L6_photo_01.jpg,,1,,,
L6,current_photo,L6,detail_assets/photos/L6_photo_02.jpg,,2,,,
L6,current_photo,L6,detail_assets/photos/L6_photo_03.jpg,,3,,,
L6,current_photo,L6,detail_assets/photos/L6_photo_04.jpg,,4,,,
L7,current_photo,L7,detail_assets/photos/L7_photo_01.jpg,,1,,,
L7,current_photo,L7,detail_assets/photos/L7_photo_02.jpg,,2,,,
L7,current_photo,L7,detail_assets/photos/L7_photo_03.jpg,,3,,,
L7,current_photo,L7,detail_assets/photos/L7_photo_04.jpg,,4,,,
M001,current_photo,M001,detail_assets/photos/M001_photo_01.jpg,,1,,,
M001,current_photo,M001,detail_assets/photos/M001_photo_02.jpg,,2,,,
M002,current_photo,M002,detail_assets/photos/M002_photo_01.jpg,,1,,,
M003,current_photo,M003,detail_assets/photos/M003_photo_01.jpg,,1,,,
M004,current_photo,M004,detail_assets/photos/M004_photo_01.jpg,,1,,,
M005,current_photo,M005,detail_assets/photos/M005_photo_01.jpg,,1,,,
M006,current_photo,M006,detail_assets/photos/M006_photo_01.jpg,,1,,,
M007,current_photo,M007,detail_assets/photos/M007_photo_01.jpg,,1,,,
M008,current_photo,M008,detail_assets/photos/M008_photo_01.jpg,,1,,,
M009,current_photo,M009,detail_assets/photos/M009_photo_01.jpg,,1,,,
M010,current_photo,M010,detail_assets/photos/M010_photo_01.jpg,,1,,,
M010,current_photo,M010,detail_assets/photos/M010_photo_02.jpg,,2,,,
M010,current_photo,M010,detail_assets/photos/M010_photo_03.jpg,,3,,,
M010,current_photo,M010,detail_assets/photos/M010_photo_04.jpg,,4,,,
M010,current_photo,M010,detail_assets/photos/M010_photo_05.jpg,,5,,,
M010,current_photo,M010,detail_assets/photos/M010_photo_06.jpg,,6,,,
M010,current_photo,M010,detail_assets/photos/M010_photo_07.jpg,,7,,,
M011,current_photo,M011,detail_assets/photos/M011_photo_01.jpg,,1,,,
M012,current_photo,M012,detail_assets/photos/M012_photo_01.jpg,,1,,,
M012,current_photo,M012,detail_assets/photos/M012_photo_02.jpg,,2,,,
M012,current_photo,M012,detail_assets/photos/M012_photo_03.jpg,,3,,,
M012,current_photo,M012,detail_assets/photos/M012_photo_04.jpg,,4,,,
M013,current_photo,M013,detail_assets/photos/M013_photo_01.jpg,,1,,,
M015,current_photo,M015,detail_assets/photos/M015_photo_01.jpg,,1,,,
M018,current_photo,M018,detail_assets/photos/M018_photo_01.jpg,,1,,,
M020,current_photo,M020,detail_assets/photos/M020_photo_01.jpg,,1,,,
M020,drawing,M020,detail_assets/drawings/M020_drawing_01.jpg,Temple Plan,1,,,
M021,current_photo,M021,detail_assets/photos/M021_photo_01.jpg,,1,,,
M021,current_photo,M021,detail_assets/photos/M021_photo_02.jpg,,2,,,
M021,current_photo,M021,detail_assets/photos/M021_photo_03.jpg,,3,,,
M022,current_photo,M022,detail_assets/photos/M022_photo_01.jpg,,1,,,
M023,current_photo,M023,detail_assets/photos/M023_photo_01.jpg,,1,,,
M024,current_photo,M024,detail_assets/photos/M024_photo_01.jpg,,1,,,
M024,drawing,M024,detail_assets/drawings/M024_drawing_01.jpg,Temple Plan,1,,,
M024,old_photo,Unknown,detail_assets/oldphotos/OP_0210.jpg,Male on Garuda,1,,,
M025,current_photo,M025,detail_assets/photos/M025_photo_01.jpg,,1,,,
M026,current_photo,M026,detail_assets/photos/M026_photo_01.jpg,,1,,,
M026,drawing,M026,detail_assets/drawings/M026_drawing_01.jpg,Temple Plan,1,,,
M027,current_photo,M027,detail_assets/photos/M027_photo_01.jpg,,1,,,
M028,current_photo,M028,detail_assets/photos/M028_photo_01.jpg,,1,,,
M029,current_photo,M029,detail_assets/photos/M029_photo_01.jpg,,1,,,
M029,current_photo,M029,detail_assets/photos/M029_photo_02.jpg,,2,,,
M030,current_photo,M030,detail_assets/photos/M030_photo_01.jpg,,1,,,
M030,current_photo,M030,detail_assets/photos/M030_photo_02.jpg,,2,,,
M031,current_photo,M031,detail_assets/photos/M031_photo_01.jpg,,1,,,
M032,current_photo,M032,detail_assets/photos/M032_photo_01.jpg,,1,,,
M033,current_photo,M033,detail_assets/photos/M033_photo_01.jpg,,1,,,
M033,current_photo,M033,detail_assets/photos/M033_photo_02.jpg,,2,,,
M033,current_photo,M033,detail_assets/photos/M033_photo_03.jpg,,3,,,
M034,current_photo,M034,detail_assets/photos/M034_photo_01.jpg,,1,,,
M034,current_photo,M034,detail_assets/photos/M034_photo_02.jpg,,2,,,
M034,current_photo,M034,detail_assets/photos/M034_photo_03.jpg,,3,,,
M035,current_photo,M035,detail_assets/photos/M035_photo_01.jpg,,1,,,
M035,current_photo,M035,detail_assets/photos/M035_photo_02.jpg,,2,,,
M035,current_photo,M035,detail_assets/photos/M035_photo_03.jpg,,3,,,
M036,current_photo,M036,detail_assets/photos/M036_photo_01.jpg,,1,,,
M036,current_photo,M036,detail_assets/photos/M036_photo_02.jpg,,2,,,
M036,current_photo,M036,detail_assets/photos/M036_photo_03.jpg,,3,,,
M036,current_photo,M036,detail_assets/photos/M036_photo_04.jpg,,4,,,
M036,current_photo,M036,detail_assets/photos/M036_photo_05.jpg,,5,,,
M037,current_photo,M037,detail_assets/photos/M037_photo_01.jpg,,1,,,
M038,current_photo,M038,detail_assets/photos/M038_photo_01.jpg,,1,,,
M038,current_photo,M038,detail_assets/photos/M038_photo_02.jpg,,2,,,
M039,current_photo,M039,detail_assets/photos/M039_photo_01.jpg,,1,,,
M040,current_photo,M040,detail_assets/photos/M040_photo_01.jpg,,1,,,
M040,current_photo,M040,detail_assets/photos/M040_photo_02.jpg,,2,,,
M040,current_photo,M040,detail_assets/photos/M040_photo_03.jpg,,3,,,
M040,current_photo,M040,detail_assets/photos/M040_photo_04.jpg,,4,,,
M040,current_photo,M040,detail_assets/photos/M040_photo_05.jpg,,5,,,
M040,current_photo,M040,detail_assets/photos/M040_photo_06.jpg,,6,,,
M040,drawing,M040,detail_assets/drawings/M040_drawing_01.jpg,Plan,1,,,
M041,current_photo,M041,detail_assets/photos/M041_photo_01.jpg,,1,,,
M041,current_photo,M041,detail_assets/photos/M041_photo_02.jpg,,2,,,
M041,current_photo,M041,detail_assets/photos/M041_photo_03.jpg,,3,,,
M041,current_photo,M041,detail_assets/photos/M041_photo_04.jpg,,4,,,
M041,current_photo,M041,detail_assets/photos/M041_photo_05.jpg,,5,,,
M041,current_photo,M041,detail_assets/photos/M041_photo_06.jpg,,6,,,
M041,current_photo,M041,detail_assets/photos/M041_photo_07.jpg,,7,,,
M041,drawing,M041,detail_assets/drawings/M041_drawing_01.jpg,Plan,1,,,
M042,current_photo,M042,detail_assets/photos/M042_photo_01.jpg,,1,,,
M042,current_photo,M042,detail_assets/photos/M042_photo_02.jpg,,2,,,
M043,current_photo,M043,detail_assets/photos/M043_photo_01.jpg,,1,,,
M043,current_photo,M043,detail_assets/photos/M043_photo_02.jpg,,2,,,
M044,current_photo,M044,detail_assets/photos/M044_photo_01.jpg,,1,,,
M044-1,current_photo,M044-1,detail_assets/photos/M044-1_photo_01.jpg,,1,,,
M044-1,current_photo,M044-1,detail_assets/photos/M044-1_photo_02.jpg,,2,,,
M044-2,current_photo,M044-2,detail_assets/photos/M044-2_photo_01.jpg,,1,,,
M044-2,current_photo,M044-2,detail_assets/photos/M044-2_photo_02.jpg,,2,,,
M045,current_photo,M045,detail_assets/photos/M045_photo_01.jpg,,1,,,
M045,current_photo,M045,detail_assets/photos/M045_photo_02.jpg,,2,,,
M045,current_photo,M045,detail_assets/photos/M045_photo_03.jpg,,3,,,
M045,current_photo,M045,detail_assets/photos/M045_photo_04.jpg,,4,,,
M045,current_photo,M045,detail_assets/photos/M045_photo_05.jpg,,5,,,
M045,current_photo,M045,detail_assets/photos/M045_photo_06.jpg,,6,,,
M045,current_photo,M045,detail_assets/photos/M045_photo_07.jpg,,7,,,
M045,current_photo,M045,detail_assets/photos/M045_photo_08.jpg,,8,,,
M046,current_photo,M046,detail_assets/photos/M046_photo_01.jpg,,1,,,
M047,current_photo,M047,detail_assets/photos/M047_photo_01.jpg,,1,,,
M048,current_photo,M048,detail_assets/photos/M048_photo_01.jpg,,1,,,
M049,current_photo,M049,detail_assets/photos/M049_photo_01.jpg,,1,,,
M049,current_photo,M049,detail_assets/photos/M049_photo_02.jpg,,2,,,
M049,current_photo,M049,detail_assets/photos/M049_photo_03.jpg,,3,,,
M049,current_photo,M049,detail_assets/photos/M049_photo_04.jpg,,4,,,
M049,current_photo,M049,detail_assets/photos/M049_photo_05.jpg,,5,,,
M050,current_photo,M050,detail_assets/photos/M050_photo_01.jpg,,1,,,
M050,current_photo,M050,detail_assets/photos/M050_photo_02.jpg,,2,,,
M050,current_photo,M050,detail_assets/photos/M050_photo_03.jpg,,3,,,
M050,drawing,M050,detail_assets/drawings/M050_drawing_01.jpg,Pedestal (Plan and Elevation),1,,,
M051,current_photo,M051,detail_assets/photos/M051_photo_01.jpg,,1,,,
M051,drawing,M051,detail_assets/drawings/M051_drawing_01.jpg,Temple Plan,1,,,
M052,current_photo,M052,detail_assets/photos/M052_photo_01.jpg,,1,,,
M052,drawing,M052,detail_assets/drawings/M052_drawing_01.jpg,Temple Plan,1,,,
M053,current_photo,M053,detail_assets/photos/M053_photo_01.jpg,,1,,,
M053,current_photo,M053,detail_assets/photos/M053_photo_02.jpg,,2,,,
M053,current_photo,M053,detail_assets/photos/M053_photo_03.jpg,,3,,,
M053,drawing,M053,detail_assets/drawings/M053_drawing_01.jpg,Plan,1,,,
M054,current_photo,M054,detail_assets/photos/M054_photo_01.jpg,,1,,,
M054,current_photo,M054,detail_assets/photos/M054_photo_02.jpg,,2,,,
M055,current_photo,M055,detail_assets/photos/M055_photo_01.jpg,,1,,,
M055,current_photo,M055,detail_assets/photos/M055_photo_02.jpg,,2,,,
M056,current_photo,M056,detail_assets/photos/M056_photo_01.jpg,,1,,,
M056,current_photo,M056,detail_assets/photos/M056_photo_02.jpg,,2,,,
M057,current_photo,M057,detail_assets/photos/M057_photo_01.jpg,,1,,,
M057-1,current_photo,M057-1,detail_assets/photos/M057-1_photo_01.jpg,,1,,,
M057-2,current_photo,M057-2,detail_assets/photos/M057-2_photo_01.jpg,,1,,,
M057-3,current_photo,M057-3,detail_assets/photos/M057-3_photo_01.jpg,,1,,,
M058,current_photo,M058,detail_assets/photos/M058_photo_01.jpg,,1,,,
M059,current_photo,M059,detail_assets/photos/M059_photo_01.jpg,,1,,,
M059,current_photo,M059,detail_assets/photos/M059_photo_02.jpg,,2,,,
M060,current_photo,M060,detail_assets/photos/M060_photo_01.jpg,,1,,,
M060,current_photo,M060,detail_assets/photos/M060_photo_02.jpg,,2,,,
M061,current_photo,M061,detail_assets/photos/M061_photo_01.jpg,,1,,,
M062,current_photo,M062,detail_assets/photos/M062_photo_01.jpg,,1,,,
M062,current_photo,M062,detail_assets/photos/M062_photo_02.jpg,,2,,,
M063,current_photo,M063,detail_assets/photos/M063_photo_01.jpg,,1,,,
M063,current_photo,M063,detail_assets/photos/M063_photo_02.jpg,,2,,,
M063,current_photo,M063,detail_assets/photos/M063_photo_03.jpg,,3,,,
M064,current_photo,M064,detail_assets/photos/M064_photo_01.jpg,,1,,,
M064,current_photo,M064,detail_assets/photos/M064_photo_02.jpg,,2,,,
M065,current_photo,M065,detail_assets/photos/M065_photo_01.jpg,,1,,,
M066,current_photo,M066,detail_assets/photos/M066_photo_01.jpg,,1,,,
M066-1,current_photo,M066-1,detail_assets/photos/M066-1_photo_01.jpg,,1,,,
M066-1,current_photo,M066-1,detail_assets/photos/M066-1_photo_02.jpg,,2,,,
M066-1,current_photo,M066-1,detail_assets/photos/M066-1_photo_03.jpg,,3,,,
M066-2,current_photo,M066-2,detail_assets/photos/M066-2_photo_01.jpg,,1,,,
M066-2,current_photo,M066-2,detail_assets/photos/M066-2_photo_02.jpg,,2,,,
M066-2,current_photo,M066-2,detail_assets/photos/M066-2_photo_03.jpg,,3,,,
M066-3,current_photo,M066-3,detail_assets/photos/M066-3_photo_01.jpg,,1,,,
M066-3,current_photo,M066-3,detail_assets/photos/M066-3_photo_02.jpg,,2,,,
M067,current_photo,M067,detail_assets/photos/M067_photo_01.jpg,,1,,,
M067,current_photo,M067,detail_assets/photos/M067_photo_02.jpg,,2,,,
M068,current_photo,M068,detail_assets/photos/M068_photo_01.jpg,,1,,,
M068,current_photo,M068,detail_assets/photos/M068_photo_02.jpg,,2,,,
M069,current_photo,M069,detail_assets/photos/M069_photo_01.jpg,,1,,,
M069,current_photo,M069,detail_assets/photos/M069_photo_02.jpg,,2,,,
M070,current_photo,M070,detail_assets/photos/M070_photo_01.jpg,,1,,,
M070,current_photo,M070,detail_assets/photos/M070_photo_02.jpg,,2,,,
M070,current_photo,M070,detail_assets/photos/M070_photo_03.jpg,,3,,,
M071,current_photo,M071,detail_assets/photos/M071_photo_01.jpg,,1,,,
M071-1,current_photo,M071-1,detail_assets/photos/M071-1_photo_01.jpg,,1,,,
M071-2,current_photo,M071-2,detail_assets/photos/M071-2_photo_01.jpg,,1,,,
M072,current_photo,M072,detail_assets/photos/M072_photo_01.jpg,,1,,,
M072-1,current_photo,M072-1,detail_assets/photos/M072-1_photo_01.jpg,,1,,,
M072-1,current_photo,M072-1,detail_assets/photos/M072-1_photo_02.jpg,,2,,,
M072-2,current_photo,M072-2,detail_assets/photos/M072-2_photo_01.jpg,,1,,,
M072-2,current_photo,M072-2,detail_assets/photos/M072-2_photo_02.jpg,,2,,,
M073,current_photo,M073,detail_assets/photos/M073_photo_01.jpg,,1,,,
M074,current_photo,M074,detail_assets/photos/M074_photo_01.jpg,,1,,,
M075,current_photo,M075,detail_assets/photos/M075_photo_01.jpg,,1,,,
M075,current_photo,M075,detail_assets/photos/M075_photo_02.jpg,,2,,,
M075,current_photo,M075,detail_assets/photos/M075_photo_03.jpg,,3,,,
M075,current_photo,M075,detail_assets/photos/M075_photo_04.jpg,,4,,,
M075,drawing,M075,detail_assets/drawings/M075_drawing_01.jpg,Plan,1,,,
M076,current_photo,M076,detail_assets/photos/M076_photo_01.jpg,,1,,,
M076,current_photo,M076,detail_assets/photos/M076_photo_02.jpg,,2,,,
M077,current_photo,M077,detail_assets/photos/M077_photo_01.jpg,,1,,,
M077,current_photo,M077,detail_assets/photos/M077_photo_02.jpg,,2,,,
M078-79,current_photo,M078-79,detail_assets/photos/M078-79_photo_01.jpg,,1,,,
M078-79,current_photo,M078-79,detail_assets/photos/M078-79_photo_02.jpg,,2,,,
M078-79-2,current_photo,M078-79-2,detail_assets/photos/M078-79-2_photo_01.jpg,,1,,,
M078-79-2,current_photo,M078-79-2,detail_assets/photos/M078-79-2_photo_02.jpg,,2,,,
M078-79-2,current_photo,M078-79-2,detail_assets/photos/M078-79-2_photo_03.jpg,,3,,,
M078-79-2,current_photo,M078-79-2,detail_assets/photos/M078-79-2_photo_04.jpg,,4,,,
M078-79-3,current_photo,M078-79-3,detail_assets/photos/M078-79-3_photo_01.jpg,,1,,,
M078-79-3,current_photo,M078-79-3,detail_assets/photos/M078-79-3_photo_02.jpg,,2,,,
M078-79-4,current_photo,M078-79-4,detail_assets/photos/M078-79-4_photo_01.jpg,,1,,,
M078-79-4,current_photo,M078-79-4,detail_assets/photos/M078-79-4_photo_02.jpg,,2,,,
M078-79-5,current_photo,M078-79-5,detail_assets/photos/M078-79-5_photo_01.jpg,,1,,,
M078-79-5,current_photo,M078-79-5,detail_assets/photos/M078-79-5_photo_02.jpg,,2,,,
M078-79-5,current_photo,M078-79-5,detail_assets/photos/M078-79-5_photo_03.jpg,,3,,,
M080,current_photo,M080,detail_assets/photos/M080_photo_01.jpg,,1,,,
M080,current_photo,M080,detail_assets/photos/M080_photo_02.jpg,,2,,,
M080,current_photo,M080,detail_assets/photos/M080_photo_03.jpg,,3,,,
M081,current_photo,M081,detail_assets/photos/M081_photo_01.jpg,,1,,,
M082,current_photo,M082,detail_assets/photos/M082_photo_01.jpg,,1,,,
M082-1,current_photo,M082-1,detail_assets/photos/M082-1_photo_01.jpg,,1,,,
M082-2,current_photo,M082-2,detail_assets/photos/M082-2_photo_01.jpg,,1,,,
M083,current_photo,M083,detail_assets/photos/M083_photo_01.jpg,,1,,,
M083,current_photo,M083,detail_assets/photos/M083_photo_02.jpg,,2,,,
M084,current_photo,M084,detail_assets/photos/M084_photo_01.jpg,,1,,,
M084,current_photo,M084,detail_assets/photos/M084_photo_02.jpg,,2,,,
M085,current_photo,M085,detail_assets/photos/M085_photo_01.jpg,,1,,,
M085,current_photo,M085,detail_assets/photos/M085_photo_02.jpg,,2,,,
M086,current_photo,M086,detail_assets/photos/M086_photo_01.jpg,,1,,,
M086,current_photo,M086,detail_assets/photos/M086_photo_02.jpg,,2,,,
M086,current_photo,M086,detail_assets/photos/M086_photo_03.jpg,,3,,,
M087,current_photo,M087,detail_assets/photos/M087_photo_01.jpg,,1,,,
M088,current_photo,M088,detail_assets/photos/M088_photo_01.jpg,,1,,,
M088-1,current_photo,M088-1,detail_assets/photos/M088-1_photo_01.jpg,,1,,,
M088-2,current_photo,M088-2,detail_assets/photos/M088-2_photo_01.jpg,,1,,,
M088-3,current_photo,M088-3,detail_assets/photos/M088-3_photo_01.jpg,,1,,,
M089,current_photo,M089,detail_assets/photos/M089_photo_01.jpg,,1,,,
M089,current_photo,M089,detail_assets/photos/M089_photo_02.jpg,,2,,,
M090,current_photo,M090,detail_assets/photos/M090_photo_01.jpg,,1,,,
M090,current_photo,M090,detail_assets/photos/M090_photo_02.jpg,,2,,,
M090,current_photo,M090,detail_assets/photos/M090_photo_03.jpg,,3,,,
M090,current_photo,M090,detail_assets/photos/M090_photo_04.jpg,,4,,,
M090,current_photo,M090,detail_assets/photos/M090_photo_05.jpg,,5,,,
M090,current_photo,M090,detail_assets/photos/M090_photo_06.jpg,,6,,,
M090,current_photo,M090,detail_assets/photos/M090_photo_07.jpg,,7,,,
M090,current_photo,M090,detail_assets/photos/M090_photo_08.jpg,,8,,,
M090,current_photo,M090,detail_assets/photos/M090_photo_09.jpg,,9,,,
M090,current_photo,M090,detail_assets/photos/M090_photo_10.jpg,,10,,,
M091,current_photo,M091,detail_assets/photos/M091_photo_01.jpg,,1,,,
M091,current_photo,M091,detail_assets/photos/M091_photo_02.jpg,,2,,,
M092,current_photo,M092,detail_assets/photos/M092_photo_01.jpg,,1,,,
M092,current_photo,M092,detail_assets/photos/M092_photo_02.jpg,,2,,,
M092,current_photo,M092,detail_assets/photos/M092_photo_03.jpg,,3,,,
M092,current_photo,M092,detail_assets/photos/M092_photo_04.jpg,,4,,,
M093,current_photo,M093,detail_assets/photos/M093_photo_01.jpg,,1,,,
M093-1,current_photo,M093-1,detail_assets/photos/M093-1_photo_01.jpg,,1,,,
M093-1,current_photo,M093-1,detail_assets/photos/M093-1_photo_02.jpg,,2,,,
M093-2,current_photo,M093-2,detail_assets/photos/M093-2_photo_01.jpg,,1,,,
M093-3,current_photo,M093-3,detail_assets/photos/M093-3_photo_01.jpg,,1,,,
M094,current_photo,M094,detail_assets/photos/M094_photo_01.jpg,,1,,,
M094-1,current_photo,M094-1,detail_assets/photos/M094-1_photo_01.jpg,,1,,,
M094-1,current_photo,M094-1,detail_assets/photos/M094-1_photo_02.jpg,,2,,,
M094-2,current_photo,M094-2,detail_assets/photos/M094-2_photo_01.jpg,,1,,,
M094-3,current_photo,M094-3,detail_assets/photos/M094-3_photo_01.jpg,,1,,,
M094-3,current_photo,M094-3,detail_assets/photos/M094-3_photo_02.jpg,,2,,,
M095,current_photo,M095,detail_assets/photos/M095_photo_01.jpg,,1,,,
M096,current_photo,M096,detail_assets/photos/M096_photo_01.jpg,,1,,,
M096,current_photo,M096,detail_assets/photos/M096_photo_02.jpg,,2,,,
M097,current_photo,M097,detail_assets/photos/M097_photo_01.jpg,,1,,,
M097,current_photo,M097,detail_assets/photos/M097_photo_02.jpg,,2,,,
M098,current_photo,M098,detail_assets/photos/M098_photo_01.jpg,,1,,,
M098,current_photo,M098,detail_assets/photos/M098_photo_02.jpg,,2,,,
M099,current_photo,M099,detail_assets/photos/M099_photo_01.jpg,,1,,,
M099,current_photo,M099,detail_assets/photos/M099_photo_02.jpg,,2,,,
M100,current_photo,M100,detail_assets/photos/M100_photo_01.jpg,,1,,,
M100,current_photo,M100,detail_assets/photos/M100_photo_02.jpg,,2,,,
M101,current_photo,M101,detail_assets/photos/M101_photo_01.jpg,,1,,,
M101,current_photo,M101,detail_assets/photos/M101_photo_02.jpg,,2,,,
M102,current_photo,M102,detail_assets/photos/M102_photo_01.jpg,,1,,,
M102,current_photo,M102,detail_assets/photos/M102_photo_02.jpg,,2,,,
M103,current_photo,M103,detail_assets/photos/M103_photo_01.jpg,,1,,,
M103,drawing,M103,detail_assets/drawings/M103_drawing_01.jpg,Temple Plan,1,,,
M104,current_photo,M104,detail_assets/photos/M104_photo_01.jpg,,1,,,
M104-1,current_photo,M104-1,detail_assets/photos/M104-1_photo_01.jpg,,1,,,
M104-2,current_photo,M104-2,detail_assets/photos/M104-2_photo_01.jpg,,1,,,
M104-3,current_photo,M104-3,detail_assets/photos/M104-3_photo_01.jpg,,1,,,
M104-4,current_photo,M104-4,detail_assets/photos/M104-4_photo_01.jpg,,1,,,
M104-5,current_photo,M104-5,detail_assets/photos/M104-5_photo_01.jpg,,1,,,
M104-6,current_photo,M104-6,detail_assets/photos/M104-6_photo_01.jpg,,1,,,
M104-6,current_photo,M104-6,detail_assets/photos/M104-6_photo_02.jpg,,2,,,
M105,current_photo,M105,detail_assets/photos/M105_photo_01.jpg,,1,,,
M105-1,current_photo,M105-1,detail_assets/photos/M105-1_photo_01.jpg,,1,,,
M105-2,current_photo,M105-2,detail_assets/photos/M105-2_photo_01.jpg,,1,,,
M106,current_photo,M106,detail_assets/photos/M106_photo_01.jpg,,1,,,
M106,current_photo,M106,detail_assets/photos/M106_photo_02.jpg,,2,,,
M107,current_photo,M107,detail_assets/photos/M107_photo_01.jpg,,1,,,
M107,current_photo,M107,detail_assets/photos/M107_photo_02.jpg,,2,,,
M108,current_photo,M108,detail_assets/photos/M108_photo_01.jpg,,1,,,
M109,current_photo,M109,detail_assets/photos/M109_photo_01.jpg,,1,,,
M109,current_photo,M109,detail_assets/photos/M109_photo_02.jpg,,2,,,
M109,current_photo,M109,detail_assets/photos/M109_photo_03.jpg,,3,,,
M110,current_photo,M110,detail_assets/photos/M110_photo_01.jpg,,1,,,
M110,current_photo,M110,detail_assets/photos/M110_photo_02.jpg,,2,,,
M111,current_photo,M111,detail_assets/photos/M111_photo_01.jpg,,1,,,
M112,current_photo,M112,detail_assets/photos/M112_photo_01.jpg,,1,,,
M113,current_photo,M113,detail_assets/photos/M113_photo_01.jpg,,1,,,
M114,current_photo,M114,detail_assets/photos/M114_photo_01.jpg,,1,,,
M114,current_photo,M114,detail_assets/photos/M114_photo_02.jpg,,2,,,
M114,current_photo,M114,detail_assets/photos/M114_photo_03.jpg,,3,,,
M115,current_photo,M115,detail_assets/photos/M115_photo_01.jpg,,1,,,
M116,current_photo,M116,detail_assets/photos/M116_photo_01.jpg,,1,,,
M117,current_photo,M117,detail_assets/photos/M117_photo_01.jpg,,1,,,
M117,current_photo,M117,detail_assets/photos/M117_photo_02.jpg,,2,,,
M118,current_photo,M118,detail_assets/photos/M118_photo_01.jpg,,1,,,
M119,current_photo,M119,detail_assets/photos/M119_photo_01.jpg,,1,,,
M119,current_photo,M119,detail_assets/photos/M119_photo_02.jpg,,2,,,
M120,current_photo,M120,detail_assets/photos/M120_photo_01.jpg,,1,,,
M120,current_photo,M120,detail_assets/photos/M120_photo_02.jpg,,2,,,
M121,current_photo,M121,detail_assets/photos/M121_photo_01.jpg,,1,,,
M122,current_photo,M122,detail_assets/photos/M122_photo_01.jpg,,1,,,
M122,current_photo,M122,detail_assets/photos/M122_photo_02.jpg,,2,,,
M123,current_photo,M123,detail_assets/photos/M123_photo_01.jpg,,1,,,
M123,current_photo,M123,detail_assets/photos/M123_photo_02.jpg,,2,,,
M124,current_photo,M124,detail_assets/photos/M124_photo_01.jpg,,1,,,
M124,current_photo,M124,detail_assets/photos/M124_photo_02.jpg,,2,,,
M125,current_photo,M125,detail_assets/photos/M125_photo_01.jpg,,1,,,
M126,current_photo,M126,detail_assets/photos/M126_photo_01.jpg,,1,,,
M126,current_photo,M126,detail_assets/photos/M126_photo_02.jpg,,2,,,
M127,current_photo,M127,detail_assets/photos/M127_photo_01.jpg,,1,,,
M127,current_photo,M127,detail_assets/photos/M127_photo_02.jpg,,2,,,
M127,current_photo,M127,detail_assets/photos/M127_photo_03.jpg,,3,,,
M128,current_photo,M128,detail_assets/photos/M128_photo_01.jpg,,1,,,
M128-1,current_photo,M128-1,detail_assets/photos/M128-1_photo_01.jpg,,1,,,
M128-2,current_photo,M128-2,detail_assets/photos/M128-2_photo_01.jpg,,1,,,
M128-3,current_photo,M128-3,detail_assets/photos/M128-3_photo_01.jpg,,1,,,
M129,current_photo,M129,detail_assets/photos/M129_photo_01.jpg,,1,,,
M129-1,current_photo,M129-1,detail_assets/photos/M129-1_photo_01.jpg,,1,,,
M129-2,current_photo,M129-2,detail_assets/photos/M129-2_photo_01.jpg,,1,,,
M129-3,current_photo,M129-3,detail_assets/photos/M129-3_photo_01.jpg,,1,,,
M130,current_photo,M130,detail_assets/photos/M130_photo_01.jpg,,1,,,
M130,current_photo,M130,detail_assets/photos/M130_photo_02.jpg,,2,,,
M131,current_photo,M131,detail_assets/photos/M131_photo_01.jpg,,1,,,
M132,current_photo,M132,detail_assets/photos/M132_photo_01.jpg,,1,,,
M132,current_photo,M132,detail_assets/photos/M132_photo_02.jpg,,2,,,
M133,current_photo,M133,detail_assets/photos/M133_photo_01.jpg,,1,,,
M133,current_photo,M133,detail_assets/photos/M133_photo_02.jpg,,2,,,
N1,current_photo,N1,detail_assets/photos/N1_photo_01.jpg,,1,,,
N1,current_photo,N1,detail_assets/photos/N1_photo_02.jpg,,2,,,
N1,current_photo,N1,detail_assets/photos/N1_photo_03.jpg,,3,,,
N1,current_photo,N1,detail_assets/photos/N1_photo_04.jpg,,4,,,
N1,current_photo,N1,detail_assets/photos/N1_photo_05.jpg,,5,,,
N1,current_photo,N1,detail_assets/photos/N1_photo_06.jpg,,6,,,
N1,current_photo,N1,detail_assets/photos/N1_photo_07.jpg,,7,,,
N1,current_photo,N1,detail_assets/photos/N1_photo_08.jpg,,8,,,
N1,current_photo,N1,detail_assets/photos/N1_photo_09.jpg,,9,,,
N1,drawing,N1,detail_assets/drawings/N1_drawing_01.jpg,Plan,1,,,
N1,drawing,N1,detail_assets/drawings/N1_drawing_02.jpg,East Elevation (before restoration),2,,,
N1,drawing,N1,detail_assets/drawings/N1_drawing_03.jpg,North Elevation (before restoration),3,,,
N1,drawing,N1,detail_assets/drawings/N1_drawing_04.jpg,East Elevation (arter restoration),4,,,
N1,drawing,N1,detail_assets/drawings/N1_drawing_05.jpg,North Elevation (arter restoration),5,,,
N1,drawing,N1,detail_assets/drawings/N1_drawing_06.jpg,West Elevation (arter restoration),6,,,
N1,drawing,N1,detail_assets/drawings/N1_drawing_07.jpg,South Elevation (arter restoration),7,,,
N1,drawing,N1,detail_assets/drawings/N1_drawing_08.jpg,N-S Section,8,,,
N1,drawing,N1,detail_assets/drawings/N1_drawing_09.jpg,E-W Section,9,,,
N1,drawing,N1,detail_assets/drawings/N1_drawing_10.jpg,Unearthed Pedestal (Yoni-level),10,,,
N1,drawing,N1,detail_assets/drawings/N1_drawing_11.jpg,Reconstructed Pedestal Image (Yoni-level),11,,,
N1,old_photo,N1,detail_assets/oldphotos/OP_0165.jpg,Platform: south-east corner,1,,,
N1,new_photo,N1,detail_assets/oldphotos/NP_0165.jpg,Platform: south-east corner,1,,,
N1,3d_model,N1,,3D Model,1,https://sketchfab.com/3d-models/prasatsambor-n1-shrine-eb7e7f5b7cb748b289678c273634e2dd,,
N2,current_photo,N2,detail_assets/photos/N2_photo_01.jpg,,1,,,
N3,current_photo,N3,detail_assets/photos/N3_photo_01.jpg,,1,,,
N4,current_photo,N4,detail_assets/photos/N4_photo_01.jpg,,1,,,
N5,current_photo,N5,detail_assets/photos/N5_photo_01.jpg,,1,,,
N6-1,current_photo,N6-1,detail_assets/photos/N6-1_photo_01.jpg,,1,,,
N6-1,current_photo,N6-1,detail_assets/photos/N6-1_photo_02.jpg,,2,,,
N6-1,current_photo,N6-1,detail_assets/photos/N6-1_photo_03.jpg,,3,,,
N6-2,current_photo,N6-2,detail_assets/photos/N6-2_photo_01.jpg,,1,,,
N6-3,current_photo,N6-3,detail_assets/photos/N6-3_photo_01.jpg,,1,,,
N6-4,current_photo,N6-4,detail_assets/photos/N6-4_photo_01.jpg,,1,,,
N7,current_photo,N7,detail_assets/photos/N7_photo_01.jpg,,1,,,
N7,current_photo,N7,detail_assets/photos/N7_photo_02.jpg,,2,,,
N7,current_photo,N7,detail_assets/photos/N7_photo_03.jpg,,3,,,
N7,current_photo,N7,detail_assets/photos/N7_photo_04.jpg,,4,,,
N7,current_photo,N7,detail_assets/photos/N7_photo_05.jpg,,5,,,
N7,current_photo,N7,detail_assets/photos/N7_photo_06.jpg,,6,,,
N7,current_photo,N7,detail_assets/photos/N7_photo_07.jpg,,7,,,
N7,current_photo,N7,detail_assets/photos/N7_photo_08.jpg,,8,,,
N7,current_photo,N7,detail_assets/photos/N7_photo_09.jpg,,9,,,
N7,current_photo,N7,detail_assets/photos/N7_photo_10.jpg,,10,,,
N7,drawing,N7,detail_assets/drawings/N7_drawing_01.jpg,Plan,1,,,
N7,drawing,N7,detail_assets/drawings/N7_drawing_02.jpg,East Elevation,2,,,
N7,drawing,N7,detail_assets/drawings/N7_drawing_03.jpg,North Elevation,3,,,
N7,drawing,N7,detail_assets/drawings/N7_drawing_04.jpg,N-S Section,4,,,
N7,drawing,N7,detail_assets/drawings/N7_drawing_05.jpg,E-W Section,5,,,
N7,drawing,N7,detail_assets/drawings/N7_drawing_06.jpg,Pedestal (Elevation and Section),6,,,
N7,old_photo,N7,detail_assets/oldphotos/OP_0002.jpg,Exterior: from north,1,,,
N7,old_photo,N7,detail_assets/oldphotos/OP_0010.jpg,Flying Palace: north-east face,2,,,
N7,old_photo,N7,detail_assets/oldphotos/OP_0031.jpg,Scattered decorative lintel and colonnette,3,,,
N7,old_photo,N7,detail_assets/oldphotos/OP_0032.jpg,Scattered decorative lintel and colonnette,4,,,
N7,old_photo,N7,detail_assets/oldphotos/OP_0033.jpg,Flying Palace: north-east face,5,,,
N7,old_photo,N7,detail_assets/oldphotos/OP_0166.jpg,Flying Palace: north face,6,,,
N7,old_photo,N7,detail_assets/oldphotos/OP_0167.jpg,Flying Palace: north-east face,7,,,
N7,new_photo,N7,detail_assets/oldphotos/NP_0002.jpg,Exterior: from north,1,,,
N7,new_photo,N7,detail_assets/oldphotos/NP_0010.jpg,Flying Palace: north-east face,2,,,
N7,new_photo,N7,detail_assets/oldphotos/NP_0032.jpg,Scattered decorative lintel and colonnette,4,,,
N7,new_photo,N7,detail_assets/oldphotos/NP_0033.jpg,Flying Palace: north-east face,5,,,
N7,new_photo,N7,detail_assets/oldphotos/NP_0166.jpg,Flying Palace: north face,6,,,
N7,new_photo,N7,detail_assets/oldphotos/NP_0167.jpg,Flying Palace: north-east face,7,,,
N7,3d_model,N7,,3D Model,1,https://sketchfab.com/3d-models/prasat-sambor-n7-2254326ceb1d424c8431a5536abeb3a7,,
N7-1,current_photo,N7-1,detail_assets/photos/N7-1_photo_01.jpg,,1,,,
N7-1,current_photo,N7-1,detail_assets/photos/N7-1_photo_02.jpg,,2,,,
N7-2,current_photo,N7-2,detail_assets/photos/N7-2_photo_01.jpg,,1,,,
N7-2,current_photo,N7-2,detail_assets/photos/N7-2_photo_02.jpg,,2,,,
N7-2,current_photo,N7-2,detail_assets/photos/N7-2_photo_03.jpg,,3,,,
N7-3,current_photo,N7-3,detail_assets/photos/N7-3_photo_01.jpg,,1,,,
N7-4,current_photo,N7-4,detail_assets/photos/N7-4_photo_01.jpg,,1,,,
N7-FP,current_photo,N7-FP,detail_assets/photos/N7-FP_photo_01.jpg,,1,,,
N7-FP,current_photo,N7-FP,detail_assets/photos/N7-FP_photo_02.jpg,,2,,,
N7-FP,current_photo,N7-FP,detail_assets/photos/N7-FP_photo_03.jpg,,3,,,
N7-FP,current_photo,N7-FP,detail_assets/photos/N7-FP_photo_04.jpg,,4,,,
N7-FP,drawing,N7-FP,detail_assets/drawings/N7-FP_drawing_01.jpg,Reconstructed image of the excavated pedestal,1,,,
N7-FP,3d_model,N7-FP,,3D Model,1,https://sketchfab.com/3d-models/202502samborn7-0b31928c382d43e290515e4e1f05df05,,
N8,current_photo,N8,detail_assets/photos/N8_photo_01.jpg,,1,,,
N8,current_photo,N8,detail_assets/photos/N8_photo_02.jpg,,2,,,
N8,current_photo,N8,detail_assets/photos/N8_photo_03.jpg,,3,,,
N8,current_photo,N8,detail_assets/photos/N8_photo_04.jpg,,4,,,
N8,drawing,N8,detail_assets/drawings/N8_drawing_01.jpg,Plan,1,,,
N8,drawing,N8,detail_assets/drawings/N8_drawing_02.jpg,Pedestal,2,,,
N8,drawing,N8,detail_assets/drawings/N8_drawing_03.jpg,Pedestal (isometric view),3,,,
N8,3d_model,N8,,3D Model,1,https://sketchfab.com/3d-models/prasatsamborn8-shrine-e95b67c6eb5941109d8163cc98efb8fe,,
N9,current_photo,N9,detail_assets/photos/N9_photo_01.jpg,,1,,,
N9,current_photo,N9,detail_assets/photos/N9_photo_02.jpg,,2,,,
N9,drawing,N9,detail_assets/drawings/N9_drawing_01.jpg,Plan,1,,,
N9,drawing,N9,detail_assets/drawings/N9_drawing_02.jpg,South Elevation,2,,,
N9,drawing,N9,detail_assets/drawings/N9_drawing_03.jpg,West Elevation,3,,,
N9,drawing,N9,detail_assets/drawings/N9_drawing_04.jpg,N-S Section,4,,,
N9,drawing,N9,detail_assets/drawings/N9_drawing_05.jpg,E-W Section,5,,,
N9,old_photo,N9,detail_assets/oldphotos/OP_0083.jpg,Durga,1,,,
N9,new_photo,N9,detail_assets/oldphotos/NP_0083.jpg,Durga,1,,,
N10,current_photo,N10,detail_assets/photos/N10_photo_01.jpg,,1,,,
N10,current_photo,N10,detail_assets/photos/N10_photo_02.jpg,,2,,,
N10,current_photo,N10,detail_assets/photos/N10_photo_03.jpg,,3,,,
N10,current_photo,N10,detail_assets/photos/N10_photo_04.jpg,,4,,,
N10,drawing,N10,detail_assets/drawings/N10_drawing_01.jpg,Plan,1,,,
N10,drawing,N10,detail_assets/drawings/N10_drawing_02.jpg,Pedestal,2,,,
N10,drawing,N10,detail_assets/drawings/N10_drawing_03.jpg,Pedestal (Isometric view and Elevation),3,,,
N10,old_photo,N10,detail_assets/oldphotos/OP_0064.jpg,"Pedestal: north face, east side",1,,,
N10,old_photo,N10,detail_assets/oldphotos/OP_0081.jpg,Harihara,2,,,
N10,old_photo,N10,detail_assets/oldphotos/OP_0082.jpg,Harihara,3,,,
N10,old_photo,N10,detail_assets/oldphotos/OP_0164.jpg,Exterior: from north-west,4,,,
N10,old_photo,N10,detail_assets/oldphotos/OP_0168.jpg,Exterior: from south-east,5,,,
N10,old_photo,N10,detail_assets/oldphotos/OP_0204.jpg,Harihara,6,,,
N10,new_photo,N10,detail_assets/oldphotos/NP_0064.jpg,"Pedestal: north face, east side",1,,,
N10,new_photo,N10,detail_assets/oldphotos/NP_0081.jpg,Harihara,2,,,
N10,new_photo,N10,detail_assets/oldphotos/NP_0082.jpg,Harihara,3,,,
N10,new_photo,N10,detail_assets/oldphotos/NP_0164.jpg,Exterior: from north-west,4,,,
N10,new_photo,N10,detail_assets/oldphotos/NP_0168.jpg,Exterior: from south-east,5,,,
N10,new_photo,N10,detail_assets/oldphotos/NP_0204.jpg,Harihara,6,,,
N10,3d_model,N10,,3D Model,1,https://sketchfab.com/3d-models/prasatsamborn10-shrine-415e0ecbaa98401594dbc84069561707,,
N10-W,current_photo,N10-W,detail_assets/photos/N10-W_photo_01.jpg,,1,,,
N10-W,current_photo,N10-W,detail_assets/photos/N10-W_photo_02.jpg,,2,,,
N10-W,current_photo,N10-W,detail_assets/photos/N10-W_photo_03.jpg,,3,,,
N10-W,current_photo,N10-W,detail_assets/photos/N10-W_photo_04.jpg,,4,,,
N10-W,drawing,N10-W,detail_assets/drawings/N10-W_drawing_01.jpg,Plan,1,,,
N11,current_photo,N11,detail_assets/photos/N11_photo_01.jpg,,1,,,
N11,current_photo,N11,detail_assets/photos/N11_photo_02.jpg,,2,,,
N11,current_photo,N11,detail_assets/photos/N11_photo_03.jpg,,3,,,
N11,current_photo,N11,detail_assets/photos/N11_photo_04.jpg,,4,,,
N11,current_photo,N11,detail_assets/photos/N11_photo_05.jpg,,5,,,
N11,current_photo,N11,detail_assets/photos/N11_photo_06.jpg,,6,,,
N11,current_photo,N11,detail_assets/photos/N11_photo_07.jpg,,7,,,
N11,drawing,N11,detail_assets/drawings/N11_drawing_01.jpg,Plan,1,,,
N11,drawing,N11,detail_assets/drawings/N11_drawing_02.jpg,Pedestal (Isometric view and Elevation),2,,,
N11,old_photo,N11,detail_assets/oldphotos/OP_0011.jpg,"Flying Palace: north face, west side",1,,,
N11,old_photo,N11,detail_assets/oldphotos/OP_0014.jpg,Exterior: from east,2,,,
N11,old_photo,N11,detail_assets/oldphotos/OP_0066.jpg,"Flying palace: west face, south side",3,,,
N11,old_photo,N11,detail_assets/oldphotos/OP_0171.jpg,Exterior: from south-east,4,,,
N11,old_photo,N11,detail_assets/oldphotos/OP_0172.jpg,"Flying Palace: east face, south side",5,,,
N11,new_photo,N11,detail_assets/oldphotos/NP_0011.jpg,"Flying Palace: north face, west side",1,,,
N11,new_photo,N11,detail_assets/oldphotos/NP_0014.jpg,Exterior: from east,2,,,
N11,new_photo,N11,detail_assets/oldphotos/NP_0066.jpg,"Flying palace: west face, south side",3,,,
N11,new_photo,N11,detail_assets/oldphotos/NP_0171.jpg,Exterior: from south-east,4,,,
N11,new_photo,N11,detail_assets/oldphotos/NP_0172.jpg,"Flying Palace: east face, south side",5,,,
N11,3d_model,N11,,3D Model,1,https://sketchfab.com/3d-models/prasat-sambor-n11-3edb650ed2a94e1cbcba1d2f6aa6bc39,,
N12,current_photo,N12,detail_assets/photos/N12_photo_01.jpg,,1,,,
N12,current_photo,N12,detail_assets/photos/N12_photo_02.jpg,,2,,,
N12,drawing,N12,detail_assets/drawings/N12_drawing_01.jpg,Plan,1,,,
N13,current_photo,N13,detail_assets/photos/N13_photo_01.jpg,,1,,,
N13,current_photo,N13,detail_assets/photos/N13_photo_02.jpg,,2,,,
N13,current_photo,N13,detail_assets/photos/N13_photo_03.jpg,,3,,,
N13,drawing,N13,detail_assets/drawings/N13_drawing_01.jpg,Plan,1,,,
N13,3d_model,N13,,3D Model,1,https://sketchfab.com/3d-models/prasat-sambor-n13-e0d301aea00247f5b785ef0ef61740c1,,
N14-1,current_photo,N14-1,detail_assets/photos/N14-1_photo_01.jpg,,1,,,
N14-1,current_photo,N14-1,detail_assets/photos/N14-1_photo_02.jpg,,2,,,
N14-1,current_photo,N14-1,detail_assets/photos/N14-1_photo_03.jpg,,3,,,
N14-1,drawing,N14-1,detail_assets/drawings/N14-1_drawing_01.jpg,Plan,1,,,
N14-1,drawing,N14-1,detail_assets/drawings/N14-1_drawing_02.jpg,East Elevation,2,,,
N14-2,current_photo,N14-2,detail_assets/photos/N14-2_photo_01.jpg,,1,,,
N14-2,current_photo,N14-2,detail_assets/photos/N14-2_photo_02.jpg,,2,,,
N14-2,current_photo,N14-2,detail_assets/photos/N14-2_photo_03.jpg,,3,,,
N14-2,current_photo,N14-2,detail_assets/photos/N14-2_photo_04.jpg,,4,,,
N14-2,current_photo,N14-2,detail_assets/photos/N14-2_photo_05.jpg,,5,,,
N14-2,drawing,N14-2,detail_assets/drawings/N14-2_drawing_01.jpg,Plan,1,,,
N14-2,drawing,N14-2,detail_assets/drawings/N14-2_drawing_02.jpg,Pedestal (Elevation),2,,,
N14-2,drawing,N14-2,detail_assets/drawings/N14-2_drawing_03.jpg,Pedestal (Isometric view and Section),3,,,
N14-2,3d_model,N14-2,,3D Model,1,https://sketchfab.com/3d-models/prasat-sambor-n14-2-3c9a8da7d01d477fbca2816691b7f46c,,
N15,current_photo,N15,detail_assets/photos/N15_photo_01.jpg,,1,,,
N15,current_photo,N15,detail_assets/photos/N15_photo_02.jpg,,2,,,
N15,current_photo,N15,detail_assets/photos/N15_photo_03.jpg,,3,,,
N15,current_photo,N15,detail_assets/photos/N15_photo_04.jpg,,4,,,
N15,current_photo,N15,detail_assets/photos/N15_photo_05.jpg,,5,,,
N15,current_photo,N15,detail_assets/photos/N15_photo_06.jpg,,6,,,
N15,drawing,N15,detail_assets/drawings/N15_drawing_01.jpg,Plan,1,,,
N15,drawing,N15,detail_assets/drawings/N15_drawing_02.jpg,South Elevation,2,,,
N15,drawing,N15,detail_assets/drawings/N15_drawing_03.jpg,West Elevation,3,,,
N15,drawing,N15,detail_assets/drawings/N15_drawing_04.jpg,N-S Section,4,,,
N15,drawing,N15,detail_assets/drawings/N15_drawing_05.jpg,E-W Section,5,,,
N15,old_photo,N15,detail_assets/oldphotos/OP_0006.jpg,Around door opening with decorative lintel: east face,1,,,
N15,old_photo,N15,detail_assets/oldphotos/OP_0069.jpg,Decorative lintel: east face,2,,,
N15,old_photo,N15,detail_assets/oldphotos/OP_0070.jpg,Above false door opening: west face,3,,,
N15,old_photo,N15,detail_assets/oldphotos/OP_0071.jpg,"Flying Palace: south face, east side",4,,,
N15,old_photo,N15,detail_assets/oldphotos/OP_0173.jpg,Exterior: from south-west,5,,,
N15,old_photo,N15,detail_assets/oldphotos/OP_0174.jpg,Exterior: from south-east,6,,,
N15,old_photo,N15,detail_assets/oldphotos/OP_0175.jpg,Above false door opening: north face,7,,,
N15,old_photo,N15,detail_assets/oldphotos/OP_0176.jpg,Around door opening with decorative lintel: east face,8,,,
N15,old_photo,N15,detail_assets/oldphotos/OP_0177.jpg,"Flying Palace: south face, east side",9,,,
N15,old_photo,N15,detail_assets/oldphotos/OP_0178.jpg,"Flying Palace: east face, south side",10,,,
N15,new_photo,N15,detail_assets/oldphotos/NP_0006.jpg,Around door opening with decorative lintel: east face,1,,,
N15,new_photo,N15,detail_assets/oldphotos/NP_0069.jpg,Decorative lintel: east face,2,,,
N15,new_photo,N15,detail_assets/oldphotos/NP_0070.jpg,Above false door opening: west face,3,,,
N15,new_photo,N15,detail_assets/oldphotos/NP_0071.jpg,"Flying Palace: south face, east side",4,,,
N15,new_photo,N15,detail_assets/oldphotos/NP_0173.jpg,Exterior: from south-west,5,,,
N15,new_photo,N15,detail_assets/oldphotos/NP_0174.jpg,Exterior: from south-east,6,,,
N15,new_photo,N15,detail_assets/oldphotos/NP_0175.jpg,Above false door opening: north face,7,,,
N15,new_photo,N15,detail_assets/oldphotos/NP_0176.jpg,Around door opening with decorative lintel: east face,8,,,
N15,new_photo,N15,detail_assets/oldphotos/NP_0177.jpg,"Flying Palace: south face, east side",9,,,
N15,new_photo,N15,detail_assets/oldphotos/NP_0178.jpg,"Flying Palace: east face, south side",10,,,
N15,3d_model,N15,,3D Model,1,https://sketchfab.com/3d-models/prasat-sambor-n15-9e46e27031164f539f59547c54181262,,
N16-1,current_photo,N16-1,detail_assets/photos/N16-1_photo_01.jpg,,1,,,
N16-2,current_photo,N16-2,detail_assets/photos/N16-2_photo_01.jpg,,1,,,
M016,current_photo,M016,detail_assets/photos/N17_photo_01.jpg,,1,,,
M016,current_photo,M016,detail_assets/photos/N17_photo_02.jpg,,2,,,
M016,current_photo,M016,detail_assets/photos/N17_photo_03.jpg,,3,,,
M016,current_photo,M016,detail_assets/photos/N17_photo_04.jpg,,4,,,
M016,current_photo,M016,detail_assets/photos/N17_photo_05.jpg,,5,,,
M016,current_photo,M016,detail_assets/photos/N17_photo_06.jpg,,6,,,
M016,drawing,M016,detail_assets/drawings/N17_drawing_01.jpg,Plan,1,,,
M016,drawing,M016,detail_assets/drawings/N17_drawing_02.jpg,East Elevation,2,,,
M016,drawing,M016,detail_assets/drawings/N17_drawing_03.jpg,South Elevation,3,,,
M016,drawing,M016,detail_assets/drawings/N17_drawing_04.jpg,E-W Section,4,,,
M016,old_photo,M016,detail_assets/oldphotos/OP_0004.jpg,Exterior: from south-west,1,,,
M016,old_photo,M016,detail_assets/oldphotos/OP_0053.jpg,"Platform and lower part of the wall: south face, west corner",2,,,
M016,old_photo,M016,detail_assets/oldphotos/OP_0054.jpg,"Exterior: south face, east side",3,,,
M016,old_photo,M016,detail_assets/oldphotos/OP_0055.jpg,"Upper part of the wall: south face, east side",4,,,
M016,old_photo,M016,detail_assets/oldphotos/OP_0179.jpg,Exterior: from south-east,5,,,
M016,old_photo,M016,detail_assets/oldphotos/OP_0180.jpg,Platform: south face,6,,,
M016,old_photo,M016,detail_assets/oldphotos/OP_0181.jpg,Exterior: from south-east,7,,,
M016,new_photo,M016,detail_assets/oldphotos/NP_0004.jpg,Exterior: from south-west,1,,,
M016,new_photo,M016,detail_assets/oldphotos/NP_0053.jpg,"Platform and lower part of the wall: south face, west corner",2,,,
M016,new_photo,M016,detail_assets/oldphotos/NP_0054.jpg,"Exterior: south face, east side",3,,,
M016,new_photo,M016,detail_assets/oldphotos/NP_0055.jpg,"Upper part of the wall: south face, east side",4,,,
M016,new_photo,M016,detail_assets/oldphotos/NP_0179.jpg,Exterior: from south-east,5,,,
M016,new_photo,M016,detail_assets/oldphotos/NP_0180.jpg,Platform: south face,6,,,
M016,new_photo,M016,detail_assets/oldphotos/NP_0181.jpg,Exterior: from south-east,7,,,
M016,3d_model,M016,,3D Model,1,https://sketchfab.com/3d-models/prasat-sambor-n17-2997486843b4484080aefca6e4d7fe3e,,
M017,current_photo,M017,detail_assets/photos/N18_photo_01.jpg,,1,,,
M017,current_photo,M017,detail_assets/photos/N18_photo_02.jpg,,2,,,
M017,current_photo,M017,detail_assets/photos/N18_photo_03.jpg,,3,,,
M017,current_photo,M017,detail_assets/photos/N18_photo_04.jpg,,4,,,
M017,current_photo,M017,detail_assets/photos/N18_photo_05.jpg,,5,,,
M017,current_photo,M017,detail_assets/photos/N18_photo_06.jpg,,6,,,
M017,drawing,M017,detail_assets/drawings/N18_drawing_01.jpg,Plan,1,,,
M017,drawing,M017,detail_assets/drawings/N18_drawing_02.jpg,West Elevation,2,,,
M017,drawing,M017,detail_assets/drawings/N18_drawing_03.jpg,North Elevation,3,,,
M017,old_photo,M017,detail_assets/oldphotos/OP_0056.jpg,From north-east,1,,,
M017,old_photo,M017,detail_assets/oldphotos/OP_0057.jpg,Around northern false door: north face,2,,,
M017,old_photo,M017,detail_assets/oldphotos/OP_0182.jpg,Exterior: from south-east,3,,,
M017,old_photo,M017,detail_assets/oldphotos/OP_0183.jpg,Exterior: from south,4,,,
M017,old_photo,M017,detail_assets/oldphotos/OP_0184.jpg,Exterior: from south,5,,,
M017,new_photo,M017,detail_assets/oldphotos/NP_0056.jpg,From north-east,1,,,
M017,new_photo,M017,detail_assets/oldphotos/NP_0057.jpg,Around northern false door: north face,2,,,
M017,new_photo,M017,detail_assets/oldphotos/NP_0182.jpg,Exterior: from south-east,3,,,
M017,new_photo,M017,detail_assets/oldphotos/NP_0183.jpg,Exterior: from south,4,,,
M017,new_photo,M017,detail_assets/oldphotos/NP_0184.jpg,Exterior: from south,5,,,
M017,3d_model,M017,,3D Model,1,https://sketchfab.com/3d-models/prasat-sambor-n18-9b3e76a6b50144378c84c4782a41aa14,,
M014,current_photo,M014,detail_assets/photos/N19_photo_01.jpg,,1,,,
M014,current_photo,M014,detail_assets/photos/N19_photo_02.jpg,,2,,,
M014,current_photo,M014,detail_assets/photos/N19_photo_03.jpg,,3,,,
M014,current_photo,M014,detail_assets/photos/N19_photo_04.jpg,,4,,,
M014,drawing,M014,detail_assets/drawings/N19_drawing_01.jpg,Plan,1,,,
M014,drawing,M014,detail_assets/drawings/N19_drawing_02.jpg,West Elevation,2,,,
M014,drawing,M014,detail_assets/drawings/N19_drawing_03.jpg,North Elevation,3,,,
M014,drawing,M014,detail_assets/drawings/N19_drawing_04.jpg,N-S Section,4,,,
M014,drawing,M014,detail_assets/drawings/N19_drawing_05.jpg,E-W Section,5,,,
M014,3d_model,M014,,3D Model,1,https://sketchfab.com/3d-models/prasat-sambor-n19-b93a4540bbc242f8abbb9899e71a2d9c,,
M013,old_photo,M013,detail_assets/oldphotos/OP_0111.jpg,Exterior: from south,1,,,
M013,old_photo,M013,detail_assets/oldphotos/OP_0190.jpg,Exterior: from south-east,2,,,
M013,old_photo,M013,detail_assets/oldphotos/OP_0195.jpg,Exterior: from south,3,,,
M013,new_photo,M013,detail_assets/oldphotos/NP_0111.jpg,Exterior: from south,1,,,
M013,new_photo,M013,detail_assets/oldphotos/NP_0190.jpg,Exterior: from south-east,2,,,
M013,new_photo,M013,detail_assets/oldphotos/NP_0195.jpg,Exterior: from south,3,,,
N20-1,current_photo,N20-1,detail_assets/photos/N20-1_photo_01.jpg,,1,,,
N20-2,current_photo,N20-2,detail_assets/photos/N20-2_photo_01.jpg,,1,,,
N20-3,current_photo,N20-3,detail_assets/photos/N20-3_photo_01.jpg,,1,,,
N20-3,current_photo,N20-3,detail_assets/photos/N20-3_photo_02.jpg,,2,,,
N20-3,current_photo,N20-3,detail_assets/photos/N20-3_photo_03.jpg,,3,,,
N20-3,current_photo,N20-3,detail_assets/photos/N20-3_photo_04.jpg,,4,,,
N20-3,current_photo,N20-3,detail_assets/photos/N20-3_photo_05.jpg,,5,,,
N20-3,current_photo,N20-3,detail_assets/photos/N20-3_photo_06.jpg,,6,,,
N20-3,current_photo,N20-3,detail_assets/photos/N20-3_photo_07.jpg,,7,,,
N20-3,current_photo,N20-3,detail_assets/photos/N20-3_photo_08.jpg,,8,,,
N20-3,current_photo,N20-3,detail_assets/photos/N20-3_photo_09.jpg,,9,,,
N20-3,drawing,N20-3,detail_assets/drawings/N20-3_drawing_01.jpg,Plan,1,,,
M010,drawing,M010,detail_assets/drawings/N21_drawing_01.jpg,Plan,1,,,
M010,drawing,M010,detail_assets/drawings/N21_drawing_02.jpg,N-S Section,2,,,
M010,drawing,M010,detail_assets/drawings/N21_drawing_03.jpg,E-W Section,3,,,
M010,old_photo,M010,detail_assets/oldphotos/OP_0132.jpg,Exterior: from south,1,,,
M010,old_photo,M010,detail_assets/oldphotos/OP_0189.jpg,Exterior: from south-east,2,,,
M010,new_photo,M010,detail_assets/oldphotos/NP_0132.jpg,Exterior: from south,1,,,
M010,new_photo,M010,detail_assets/oldphotos/NP_0189.jpg,Exterior: from south-east,2,,,
M021,drawing,M021,detail_assets/drawings/N22_drawing_01.jpg,Plan,1,,,
M021,drawing,M021,detail_assets/drawings/N22_drawing_02.jpg,N-S Section,2,,,
M021,drawing,M021,detail_assets/drawings/N22_drawing_03.jpg,E-W Section,3,,,
M021,drawing,M021,detail_assets/drawings/N22_drawing_04.jpg,Pedestal,4,,,
M021,old_photo,M021,detail_assets/oldphotos/OP_0068.jpg,Around door opening with decorative lintel and colonnette: from east,1,,,
M021,old_photo,M021,detail_assets/oldphotos/OP_0075.jpg,Brahma,2,,,
M021,old_photo,M021,detail_assets/oldphotos/OP_0078.jpg,Brahma,3,,,
M021,old_photo,M021,detail_assets/oldphotos/OP_0079.jpg,Brahma,4,,,
M021,old_photo,M021,detail_assets/oldphotos/OP_0080.jpg,Brahma,5,,,
M021,old_photo,M021,detail_assets/oldphotos/OP_0185.jpg,Exterior: from south-west,6,,,
M021,old_photo,M021,detail_assets/oldphotos/OP_0186.jpg,Around the door opening with decorative lintel: east face,7,,,
M021,old_photo,M021,detail_assets/oldphotos/OP_0187.jpg,Brahma,8,,,
M021,old_photo,M021,detail_assets/oldphotos/OP_0188.jpg,Brahma,9,,,
M021,new_photo,M021,detail_assets/oldphotos/NP_0068.jpg,Around door opening with decorative lintel and colonnette: from east,1,,,
M021,new_photo,M021,detail_assets/oldphotos/NP_0185.jpg,Exterior: from south-west,6,,,
M021,new_photo,M021,detail_assets/oldphotos/NP_0186.jpg,Around the door opening with decorative lintel: east face,7,,,
M021,3d_model,M021,,3D Model,1,https://sketchfab.com/3d-models/prasat-sambor-n22-3ce911a85744410fa41837db5f1172ee,,
M019,current_photo,M019,detail_assets/photos/N23_photo_01.jpg,,1,,,
M018,drawing,M018,detail_assets/drawings/N24_drawing_01.jpg,Plan,1,,,
N25,current_photo,N25,detail_assets/photos/N25_photo_01.jpg,,1,,,
N25,current_photo,N25,detail_assets/photos/N25_photo_02.jpg,,2,,,
N25,current_photo,N25,detail_assets/photos/N25_photo_03.jpg,,3,,,
N25,3d_model,N25,,3D Model,1,https://sketchfab.com/3d-models/prasat-sambor-n25-60d03a3615fa45b48ba4236a9ded05d0,,
N26,current_photo,N26,detail_assets/photos/N26_photo_01.jpg,,1,,,
N27,current_photo,N27,detail_assets/photos/N27_photo_01.jpg,,1,,,
N27,current_photo,N27,detail_assets/photos/N27_photo_02.jpg,,2,,,
N27,3d_model,N27,,3D Model,1,https://sketchfab.com/3d-models/prasat-sambor-n27-78a83f21302a4113a43ba9ef2d00f77c,,
N28,current_photo,N28,detail_assets/photos/N28_photo_01.jpg,,1,,,
N31-1,current_photo,N31-1,detail_assets/photos/N31-1_photo_01.jpg,,1,,,
N31-2,current_photo,N31-2,detail_assets/photos/N31-2_photo_01.jpg,,1,,,
N31-3,current_photo,N31-3,detail_assets/photos/N31-3_photo_01.jpg,,1,,,
N31-4,current_photo,N31-4,detail_assets/photos/N31-4_photo_01.jpg,,1,,,
N31-5,current_photo,N31-5,detail_assets/photos/N31-5_photo_01.jpg,,1,,,
N31-6,current_photo,N31-6,detail_assets/photos/N31-6_photo_01.jpg,,1,,,
N31-7,current_photo,N31-7,detail_assets/photos/N31-7_photo_01.jpg,,1,,,
N32-1,current_photo,N32-1,detail_assets/photos/N32-1_photo_01.jpg,,1,,,
N32-2,current_photo,N32-2,detail_assets/photos/N32-2_photo_01.jpg,,1,,,
N32-3,current_photo,N32-3,detail_assets/photos/N32-3_photo_01.jpg,,1,,,
N32-4,current_photo,N32-4,detail_assets/photos/N32-4_photo_01.jpg,,1,,,
N34,current_photo,N34,detail_assets/photos/N34_photo_01.jpg,,1,,,
N35,current_photo,N35,detail_assets/photos/N35_photo_01.jpg,,1,,,
N36,current_photo,N36,detail_assets/photos/N36_photo_01.jpg,,1,,,
M020,old_photo,M020,detail_assets/oldphotos/OP_0067.jpg,"Decorative pedestal around central terrace: west side and northern one, from north",1,,,
M020,old_photo,M020,detail_assets/oldphotos/OP_0169.jpg,Decorative pedestal around central terrace,4,,,
M020,new_photo,M020,detail_assets/oldphotos/NP_0067.jpg,"Decorative pedestal around central terrace: west side and northern one, from north",1,,,
S1,current_photo,S1,detail_assets/photos/S1_photo_01.jpg,,1,,,
S1,current_photo,S1,detail_assets/photos/S1_photo_02.jpg,,2,,,
S1,current_photo,S1,detail_assets/photos/S1_photo_03.jpg,,3,,,
S1,current_photo,S1,detail_assets/photos/S1_photo_04.jpg,,4,,,
S1,current_photo,S1,detail_assets/photos/S1_photo_05.jpg,,5,,,
S1,current_photo,S1,detail_assets/photos/S1_photo_06.jpg,,6,,,
S1,current_photo,S1,detail_assets/photos/S1_photo_07.jpg,,7,,,
S1,current_photo,S1,detail_assets/photos/S1_photo_08.jpg,,8,,,
S1,current_photo,S1,detail_assets/photos/S1_photo_09.jpg,,9,,,
S1,drawing,S1,detail_assets/drawings/S1_drawing_01.jpg,Plan with Platform,1,,,
S1,drawing,S1,detail_assets/drawings/S1_drawing_02.jpg,Plan,2,,,
S1,drawing,S1,detail_assets/drawings/S1_drawing_03.jpg,East Elevation,3,,,
S1,drawing,S1,detail_assets/drawings/S1_drawing_04.jpg,South Elevation,4,,,
S1,drawing,S1,detail_assets/drawings/S1_drawing_05.jpg,N-S Section,5,,,
S1,drawing,S1,detail_assets/drawings/S1_drawing_06.jpg,E-W Section,6,,,
S1,drawing,S1,detail_assets/drawings/S1_drawing_07.jpg,Pedestal (Elevation),7,,,
S1,drawing,S1,detail_assets/drawings/S1_drawing_08.jpg,Pedestal (Isometric view),8,,,
S1,drawing,S1,detail_assets/drawings/S1_drawing_09.jpg,Pedestal (Section),9,,,
S1,old_photo,S1,detail_assets/oldphotos/OP_0001.jpg,Exterior wall with double Flying Palace: from north-east,1,,,
S1,old_photo,S1,detail_assets/oldphotos/OP_0005.jpg,Decorative lintel and colonnette: east face,2,,,
S1,old_photo,S1,detail_assets/oldphotos/OP_0034.jpg,"Decorative colonnette: east face, south side",3,,,
S1,old_photo,S1,detail_assets/oldphotos/OP_0035.jpg,"Decorative colonnette and pilaster: south face, west side",4,,,
S1,old_photo,S1,detail_assets/oldphotos/OP_0036.jpg,"Lower part of the wall: south face, west side",5,,,
S1,old_photo,S1,detail_assets/oldphotos/OP_0037.jpg,Pedestal,6,,,
S1,old_photo,S1,detail_assets/oldphotos/OP_0038.jpg,Decorative lintel (above door opening): north face,7,,,
S1,old_photo,S1,detail_assets/oldphotos/OP_0072.jpg,Exterior: from east,8,,,
S1,old_photo,S1,detail_assets/oldphotos/OP_0073.jpg,Exterior: from north-west,9,,,
S1,old_photo,S1,detail_assets/oldphotos/OP_0074.jpg,Exterior: from north-west,10,,,
S1,old_photo,S1,detail_assets/oldphotos/OP_0076.jpg,Decorative lintel,11,,,
S1,old_photo,S1,detail_assets/oldphotos/OP_0077.jpg,Decorative lintel,12,,,
S1,old_photo,S1,detail_assets/oldphotos/OP_0084.jpg,Decorative lintel,13,,,
S1,old_photo,S1,detail_assets/oldphotos/OP_0086.jpg,Exterior: from east,14,,,
S1,old_photo,S1,detail_assets/oldphotos/OP_0087.jpg,Exterior: from north-east,15,,,
S1,old_photo,S1,detail_assets/oldphotos/OP_0088.jpg,Interior: from east,16,,,
S1,old_photo,S1,detail_assets/oldphotos/OP_0089.jpg,From east,17,,,
S1,old_photo,S1,detail_assets/oldphotos/OP_0090.jpg,From west,18,,,
S1,old_photo,S1,detail_assets/oldphotos/OP_0091.jpg,From north-east,19,,,
S1,old_photo,S1,detail_assets/oldphotos/OP_0092.jpg,"Interior, the corner of south-west: from north-east",20,,,
S1,old_photo,S1,detail_assets/oldphotos/OP_0094.jpg,Exterior: from east,21,,,
S1,old_photo,S1,detail_assets/oldphotos/OP_0095.jpg,Exterior: from north-east,22,,,
S1,old_photo,S1,detail_assets/oldphotos/OP_0099.jpg,Decorative lintel,23,,,
S1,old_photo,S1,detail_assets/oldphotos/OP_0112.jpg,Exterior: from south-west,24,,,
S1,old_photo,S1,detail_assets/oldphotos/OP_0128.jpg,Exterior,25,,,
S1,old_photo,S1,detail_assets/oldphotos/OP_0131.jpg,Decorative lintel and colonnette: east face,26,,,
S1,old_photo,S1,detail_assets/oldphotos/OP_0133.jpg,Exterior: from north-west,27,,,
S1,old_photo,S1,detail_assets/oldphotos/OP_0134.jpg,Around door opening with decorative lintel and colonnette: east face,28,,,
S1,old_photo,S1,detail_assets/oldphotos/OP_0135.jpg,Exterior: from north-east,29,,,
S1,old_photo,S1,detail_assets/oldphotos/OP_0136.jpg,Exterior: from north-east,30,,,
S1,old_photo,S1,detail_assets/oldphotos/OP_0137.jpg,Decorative lintel and colonnette: east face,31,,,
S1,old_photo,S1,detail_assets/oldphotos/OP_0138.jpg,Exterior: from south-east,32,,,
S1,old_photo,S1,detail_assets/oldphotos/OP_0196.jpg,Terrace: from south-east,33,,,
S1,old_photo,S1,detail_assets/oldphotos/OP_0203.jpg,"Platform, south-east corner, east porch: from south",34,,,
S1,old_photo,S1,detail_assets/oldphotos/OP_0206.jpg,Pedestal,35,,,
S1,new_photo,S1,detail_assets/oldphotos/NP_0001.jpg,Exterior wall with double Flying Palace: from north-east,1,,,
S1,new_photo,S1,detail_assets/oldphotos/NP_0005.jpg,Decorative lintel and colonnette: east face,2,,,
S1,new_photo,S1,detail_assets/oldphotos/NP_0034.jpg,"Decorative colonnette: east face, south side",3,,,
S1,new_photo,S1,detail_assets/oldphotos/NP_0035.jpg,"Decorative colonnette and pilaster: south face, west side",4,,,
S1,new_photo,S1,detail_assets/oldphotos/NP_0036.jpg,"Lower part of the wall: south face, west side",5,,,
S1,new_photo,S1,detail_assets/oldphotos/NP_0037.jpg,Pedestal,6,,,
S1,new_photo,S1,detail_assets/oldphotos/NP_0038.jpg,Decorative lintel (above door opening): north face,7,,,
S1,new_photo,S1,detail_assets/oldphotos/NP_0072.jpg,Exterior: from east,8,,,
S1,new_photo,S1,detail_assets/oldphotos/NP_0073.jpg,Exterior: from north-west,9,,,
S1,new_photo,S1,detail_assets/oldphotos/NP_0074.jpg,Exterior: from north-west,10,,,
S1,new_photo,S1,detail_assets/oldphotos/NP_0076.jpg,Decorative lintel,11,,,
S1,new_photo,S1,detail_assets/oldphotos/NP_0077.jpg,Decorative lintel,12,,,
S1,new_photo,S1,detail_assets/oldphotos/NP_0084.jpg,Decorative lintel,13,,,
S1,new_photo,S1,detail_assets/oldphotos/NP_0086.jpg,Exterior: from east,14,,,
S1,new_photo,S1,detail_assets/oldphotos/NP_0087.jpg,Exterior: from north-east,15,,,
S1,new_photo,S1,detail_assets/oldphotos/NP_0088.jpg,Interior: from east,16,,,
S1,new_photo,S1,detail_assets/oldphotos/NP_0089.jpg,From east,17,,,
S1,new_photo,S1,detail_assets/oldphotos/NP_0090.jpg,From west,18,,,
S1,new_photo,S1,detail_assets/oldphotos/NP_0091.jpg,From north-east,19,,,
S1,new_photo,S1,detail_assets/oldphotos/NP_0092.jpg,"Interior, the corner of south-west: from north-east",20,,,
S1,new_photo,S1,detail_assets/oldphotos/NP_0094.jpg,Exterior: from east,21,,,
S1,new_photo,S1,detail_assets/oldphotos/NP_0095.jpg,Exterior: from north-east,22,,,
S1,new_photo,S1,detail_assets/oldphotos/NP_0099.jpg,Decorative lintel,23,,,
S1,new_photo,S1,detail_assets/oldphotos/NP_0112.jpg,Exterior: from south-west,24,,,
S1,new_photo,S1,detail_assets/oldphotos/NP_0128.jpg,Exterior,25,,,
S1,new_photo,S1,detail_assets/oldphotos/NP_0131.jpg,Decorative lintel and colonnette: east face,26,,,
S1,new_photo,S1,detail_assets/oldphotos/NP_0133.jpg,Exterior: from north-west,27,,,
S1,new_photo,S1,detail_assets/oldphotos/NP_0134.jpg,Around door opening with decorative lintel and colonnette: east face,28,,,
S1,new_photo,S1,detail_assets/oldphotos/NP_0135.jpg,Exterior: from north-east,29,,,
S1,new_photo,S1,detail_assets/oldphotos/NP_0136.jpg,Exterior: from north-east,30,,,
S1,new_photo,S1,detail_assets/oldphotos/NP_0137.jpg,Decorative lintel and colonnette: east face,31,,,
S1,new_photo,S1,detail_assets/oldphotos/NP_0138.jpg,Exterior: from south-east,32,,,
S1,new_photo,S1,detail_assets/oldphotos/NP_0196.jpg,Terrace: from south-east,33,,,
S1,new_photo,S1,detail_assets/oldphotos/NP_0203.jpg,"Platform, south-east corner, east porch: from south",34,,,
S1,3d_model,S1,,3D Model,1,https://sketchfab.com/3d-models/prasat-yeai-poeum-s1-011eab2298e14fe8b1904c50cdee7a3f,,
S2,current_photo,S2,detail_assets/photos/S2_photo_01.jpg,,1,,,
S2,current_photo,S2,detail_assets/photos/S2_photo_02.jpg,,2,,,
S2,current_photo,S2,detail_assets/photos/S2_photo_03.jpg,,3,,,
S2,current_photo,S2,detail_assets/photos/S2_photo_04.jpg,,4,,,
S2,current_photo,S2,detail_assets/photos/S2_photo_05.jpg,,5,,,
S2,current_photo,S2,detail_assets/photos/S2_photo_06.jpg,,6,,,
S2,current_photo,S2,detail_assets/photos/S2_photo_07.jpg,,7,,,
S2,current_photo,S2,detail_assets/photos/S2_photo_08.jpg,,8,,,
S2,drawing,S2,detail_assets/drawings/S2_drawing_01.jpg,Plan,1,,,
S2,drawing,S2,detail_assets/drawings/S2_drawing_02.jpg,East Elevation,2,,,
S2,drawing,S2,detail_assets/drawings/S2_drawing_03.jpg,South Elevation,3,,,
S2,drawing,S2,detail_assets/drawings/S2_drawing_04.jpg,Pedestal (Elevation),4,,,
S2,old_photo,S2,detail_assets/oldphotos/OP_0012.jpg,"Interior Mandapa: south-west post, north face",1,,,
S2,old_photo,S2,detail_assets/oldphotos/OP_0013.jpg,"Interior Mandapa, north-east post and roofing: from south-east",2,,,
S2,old_photo,S2,detail_assets/oldphotos/OP_0015.jpg,"Interior Mandapa, foot of south-west post: from south",3,,,
S2,old_photo,S2,detail_assets/oldphotos/OP_0016.jpg,"Interior Mandapa, foot of south-west post: from west",4,,,
S2,old_photo,S2,detail_assets/oldphotos/OP_0017.jpg,"Interior Mandapa, head of south-west post: from south",5,,,
S2,old_photo,S2,detail_assets/oldphotos/OP_0018.jpg,"Interior Mandapa, head of north-east post: from south",6,,,
S2,old_photo,S2,detail_assets/oldphotos/OP_0019.jpg,"Interior Mandapa, figure in the niche of base: east face, north side",7,,,
S2,old_photo,S2,detail_assets/oldphotos/OP_0020.jpg,"Interior Mandapa, figure in the niche of base: south face, west side",8,,,
S2,old_photo,S2,detail_assets/oldphotos/OP_0021.jpg,"Interior Mandapa, figure in the niche of base: south face, west side",9,,,
S2,old_photo,S2,detail_assets/oldphotos/OP_0022.jpg,"Interior Mandapa, figure in the niche of base: north face, west side",10,,,
S2,old_photo,S2,detail_assets/oldphotos/OP_0023.jpg,"Interior Mandapa, figure in the niche of base: north face, west side",11,,,
S2,old_photo,S2,detail_assets/oldphotos/OP_0024.jpg,"Interior Mandapa, figure in the niche of base: east face, south side",12,,,
S2,old_photo,S2,detail_assets/oldphotos/OP_0025.jpg,"Interior Mandapa, arch decoration (Kudu) on canopy: east face, center",13,,,
S2,old_photo,S2,detail_assets/oldphotos/OP_0026.jpg,"Interior Mandapa, arch decoration (Kudu) on canopy: east face, north side",14,,,
S2,old_photo,S2,detail_assets/oldphotos/OP_0027.jpg,"Interior Mandapa, arch decoration (Kudu) on canopy and head of post: east face, south side",15,,,
S2,old_photo,S2,detail_assets/oldphotos/OP_0028.jpg,"Interior Mandapa, arch decoration (Kudu) on canopy and head of post: south face, west side",16,,,
S2,old_photo,S2,detail_assets/oldphotos/OP_0029.jpg,"Interior Mandapa, arch decoration (Kudu) on canopy and head of post: west face, south side",17,,,
S2,old_photo,S2,detail_assets/oldphotos/OP_0049.jpg,"Interior Mandapa, arch decoration on canopy and head of post: west face, north side",18,,,
S2,old_photo,S2,detail_assets/oldphotos/OP_0050.jpg,"Interior Mandapa, shaft of north-west post: from north-west",19,,,
S2,old_photo,S2,detail_assets/oldphotos/OP_0051.jpg,"Interior Mandapa, shaft of north-west post: from south",20,,,
S2,old_photo,S2,detail_assets/oldphotos/OP_0093.jpg,Exterior: from west,21,,,
S2,old_photo,S2,detail_assets/oldphotos/OP_0122.jpg,Exterior: from west,22,,,
S2,old_photo,S2,detail_assets/oldphotos/OP_0139.jpg,Exterior: from north-east,23,,,
S2,old_photo,S2,detail_assets/oldphotos/OP_0140.jpg,Exterior: from north-west,24,,,
S2,old_photo,S2,detail_assets/oldphotos/OP_0141.jpg,Decorative lintel,25,,,
S2,old_photo,S2,detail_assets/oldphotos/OP_0142.jpg,Exterior and Interior: from west,26,,,
S2,old_photo,S2,detail_assets/oldphotos/OP_0143.jpg,Around opening: from south-east,27,,,
S2,old_photo,S2,detail_assets/oldphotos/OP_0144.jpg,"Interior Mandapa: north-east post, south-east face",28,,,
S2,old_photo,S2,detail_assets/oldphotos/OP_0145.jpg,Interior Mandapa,29,,,
S2,old_photo,S2,detail_assets/oldphotos/OP_0146.jpg,"Interior Mandapa: south-east post, north-east face",30,,,
S2,old_photo,S2,detail_assets/oldphotos/OP_0147.jpg,"Interior Mandapa: south-west post, west face",31,,,
S2,old_photo,S2,detail_assets/oldphotos/OP_0148.jpg,"Interior Mandapa: foot of post: north-east one, east face",32,,,
S2,new_photo,S2,detail_assets/oldphotos/NP_0012.jpg,"Interior Mandapa: south-west post, north face",1,,,
S2,new_photo,S2,detail_assets/oldphotos/NP_0013.jpg,"Interior Mandapa, north-east post and roofing: from south-east",2,,,
S2,new_photo,S2,detail_assets/oldphotos/NP_0015.jpg,"Interior Mandapa, foot of south-west post: from south",3,,,
S2,new_photo,S2,detail_assets/oldphotos/NP_0016.jpg,"Interior Mandapa, foot of south-west post: from west",4,,,
S2,new_photo,S2,detail_assets/oldphotos/NP_0017.jpg,"Interior Mandapa, head of south-west post: from south",5,,,
S2,new_photo,S2,detail_assets/oldphotos/NP_0018.jpg,"Interior Mandapa, head of north-east post: from south",6,,,
S2,new_photo,S2,detail_assets/oldphotos/NP_0019.jpg,"Interior Mandapa, figure in the niche of base: east face, north side",7,,,
S2,new_photo,S2,detail_assets/oldphotos/NP_0020.jpg,"Interior Mandapa, figure in the niche of base: south face, west side",8,,,
S2,new_photo,S2,detail_assets/oldphotos/NP_0021.jpg,"Interior Mandapa, figure in the niche of base: south face, west side",9,,,
S2,new_photo,S2,detail_assets/oldphotos/NP_0022.jpg,"Interior Mandapa, figure in the niche of base: north face, west side",10,,,
S2,new_photo,S2,detail_assets/oldphotos/NP_0023.jpg,"Interior Mandapa, figure in the niche of base: north face, west side",11,,,
S2,new_photo,S2,detail_assets/oldphotos/NP_0024.jpg,"Interior Mandapa, figure in the niche of base: east face, south side",12,,,
S2,new_photo,S2,detail_assets/oldphotos/NP_0025.jpg,"Interior Mandapa, arch decoration (Kudu) on canopy: east face, center",13,,,
S2,new_photo,S2,detail_assets/oldphotos/NP_0026.jpg,"Interior Mandapa, arch decoration (Kudu) on canopy: east face, north side",14,,,
S2,new_photo,S2,detail_assets/oldphotos/NP_0027.jpg,"Interior Mandapa, arch decoration (Kudu) on canopy and head of post: east face, south side",15,,,
S2,new_photo,S2,detail_assets/oldphotos/NP_0028.jpg,"Interior Mandapa, arch decoration (Kudu) on canopy and head of post: south face, west side",16,,,
S2,new_photo,S2,detail_assets/oldphotos/NP_0029.jpg,"Interior Mandapa, arch decoration (Kudu) on canopy and head of post: west face, south side",17,,,
S2,new_photo,S2,detail_assets/oldphotos/NP_0049.jpg,"Interior Mandapa, arch decoration on canopy and head of post: west face, north side",18,,,
S2,new_photo,S2,detail_assets/oldphotos/NP_0050.jpg,"Interior Mandapa, shaft of north-west post: from north-west",19,,,
S2,new_photo,S2,detail_assets/oldphotos/NP_0051.jpg,"Interior Mandapa, shaft of north-west post: from south",20,,,
S2,new_photo,S2,detail_assets/oldphotos/NP_0093.jpg,Exterior: from west,21,,,
S2,new_photo,S2,detail_assets/oldphotos/NP_0122.jpg,Exterior: from west,22,,,
S2,new_photo,S2,detail_assets/oldphotos/NP_0139.jpg,Exterior: from north-east,23,,,
S2,new_photo,S2,detail_assets/oldphotos/NP_0140.jpg,Exterior: from north-west,24,,,
S2,new_photo,S2,detail_assets/oldphotos/NP_0141.jpg,Decorative lintel,25,,,
S2,new_photo,S2,detail_assets/oldphotos/NP_0142.jpg,Exterior and Interior: from west,26,,,
S2,new_photo,S2,detail_assets/oldphotos/NP_0143.jpg,Around opening: from south-east,27,,,
S2,new_photo,S2,detail_assets/oldphotos/NP_0144.jpg,"Interior Mandapa: north-east post, south-east face",28,,,
S2,new_photo,S2,detail_assets/oldphotos/NP_0146.jpg,"Interior Mandapa: south-east post, north-east face",30,,,
S2,new_photo,S2,detail_assets/oldphotos/NP_0147.jpg,"Interior Mandapa: south-west post, west face",31,,,
S2,new_photo,S2,detail_assets/oldphotos/NP_0148.jpg,"Interior Mandapa: foot of post: north-east one, east face",32,,,
S3,current_photo,S3,detail_assets/photos/S3_photo_01.jpg,,1,,,
S3,current_photo,S3,detail_assets/photos/S3_photo_02.jpg,,2,,,
S4,current_photo,S4,detail_assets/photos/S4_photo_01.jpg,,1,,,
S4,current_photo,S4,detail_assets/photos/S4_photo_02.jpg,,2,,,
S4,drawing,S4,detail_assets/drawings/S4_drawing_01.jpg,Plan,1,,,
S4,old_photo,S4,detail_assets/oldphotos/OP_0101.jpg,Exterior: from north-west,1,,,
S4,old_photo,S4,detail_assets/oldphotos/OP_0113.jpg,Exterior: from north,2,,,
S4,old_photo,S4,detail_assets/oldphotos/OP_0119.jpg,Exterior wall with Flying Palace: from north-east,3,,,
S4,new_photo,S4,detail_assets/oldphotos/NP_0101.jpg,Exterior: from north-west,1,,,
S4,new_photo,S4,detail_assets/oldphotos/NP_0113.jpg,Exterior: from north,2,,,
S4,new_photo,S4,detail_assets/oldphotos/NP_0119.jpg,Exterior wall with Flying Palace: from north-east,3,,,
S5,current_photo,S5,detail_assets/photos/S5_photo_01.jpg,,1,,,
S5,current_photo,S5,detail_assets/photos/S5_photo_02.jpg,,2,,,
S5,old_photo,S5,detail_assets/oldphotos/OP_0085.jpg,Exterior: from north-east,1,,,
S5,old_photo,S5,detail_assets/oldphotos/OP_0098.jpg,From east,2,,,
S5,old_photo,S5,detail_assets/oldphotos/OP_0149.jpg,Exterior: from north-east,3,,,
S5,old_photo,S5,detail_assets/oldphotos/OP_0200.jpg,Exterior: from west,4,,,
S5,old_photo,S1/S5,detail_assets/oldphotos/OP_0211.jpg,Ganesha of terra cotta,5,,,
S5,old_photo,S1/S5,detail_assets/oldphotos/OP_0212.jpg,Ganesha of terra cotta,6,,,
S5,new_photo,S5,detail_assets/oldphotos/NP_0085.jpg,Exterior: from north-east,1,,,
S5,new_photo,S5,detail_assets/oldphotos/NP_0098.jpg,From east,2,,,
S5,new_photo,S5,detail_assets/oldphotos/NP_0149.jpg,Exterior: from north-east,3,,,
S5,new_photo,S5,detail_assets/oldphotos/NP_0200.jpg,Exterior: from west,4,,,
S6,current_photo,S6,detail_assets/photos/S6_photo_01.jpg,,1,,,
S7,current_photo,S7,detail_assets/photos/S7_photo_01.jpg,,1,,,
S7,current_photo,S7,detail_assets/photos/S7_photo_02.jpg,,2,,,
S7,current_photo,S7,detail_assets/photos/S7_photo_03.jpg,,3,,,
S7,current_photo,S7,detail_assets/photos/S7_photo_04.jpg,,4,,,
S7,current_photo,S7,detail_assets/photos/S7_photo_05.jpg,,5,,,
S7,drawing,S7,detail_assets/drawings/S7_drawing_01.jpg,Plan,1,,,
S7,drawing,S7,detail_assets/drawings/S7_drawing_02.jpg,N-S Section,2,,,
S7,drawing,S7,detail_assets/drawings/S7_drawing_03.jpg,E-W Section,3,,,
S7,old_photo,S7,detail_assets/oldphotos/OP_0047.jpg,Scattered decorative lintel,1,,,
S7,old_photo,S7,detail_assets/oldphotos/OP_0100.jpg,Exterior: from north,2,,,
S7,old_photo,S7,detail_assets/oldphotos/OP_0103.jpg,From north,3,,,
S7,old_photo,S7,detail_assets/oldphotos/OP_0104.jpg,From south-west,4,,,
S7,old_photo,S7,detail_assets/oldphotos/OP_0105.jpg,Exterior: from north-east,5,,,
S7,old_photo,S7,detail_assets/oldphotos/OP_0106.jpg,From north,6,,,
S7,old_photo,S7,detail_assets/oldphotos/OP_0107.jpg,From north,7,,,
S7,old_photo,S7,detail_assets/oldphotos/OP_0108.jpg,From west,8,,,
S7,old_photo,S7,detail_assets/oldphotos/OP_0116.jpg,Exterior: from south-east,9,,,
S7,old_photo,S7,detail_assets/oldphotos/OP_0120.jpg,Scattered decorative lintel,10,,,
S7,old_photo,S7,detail_assets/oldphotos/OP_0150.jpg,Exterior: from east,11,,,
S7,old_photo,S7,detail_assets/oldphotos/OP_0151.jpg,Exterior: from north,12,,,
S7,old_photo,S7,detail_assets/oldphotos/OP_0152.jpg,Scattered decorative lintel,13,,,
S7,new_photo,S7,detail_assets/oldphotos/NP_0100.jpg,Exterior: from north,2,,,
S7,new_photo,S7,detail_assets/oldphotos/NP_0103.jpg,From north,3,,,
S7,new_photo,S7,detail_assets/oldphotos/NP_0104.jpg,From south-west,4,,,
S7,new_photo,S7,detail_assets/oldphotos/NP_0105.jpg,Exterior: from north-east,5,,,
S7,new_photo,S7,detail_assets/oldphotos/NP_0106.jpg,From north,6,,,
S7,new_photo,S7,detail_assets/oldphotos/NP_0107.jpg,From north,7,,,
S7,new_photo,S7,detail_assets/oldphotos/NP_0108.jpg,From west,8,,,
S7,new_photo,S7,detail_assets/oldphotos/NP_0116.jpg,Exterior: from south-east,9,,,
S7,new_photo,S7,detail_assets/oldphotos/NP_0120.jpg,Scattered decorative lintel,10,,,
S7,new_photo,S7,detail_assets/oldphotos/NP_0150.jpg,Exterior: from east,11,,,
S7,new_photo,S7,detail_assets/oldphotos/NP_0151.jpg,Exterior: from north,12,,,
S8,current_photo,S8,detail_assets/photos/S8_photo_01.jpg,,1,,,
S8,current_photo,S8,detail_assets/photos/S8_photo_02.jpg,,2,,,
S8,current_photo,S8,detail_assets/photos/S8_photo_03.jpg,,3,,,
S8,current_photo,S8,detail_assets/photos/S8_photo_04.jpg,,4,,,
S8,current_photo,S8,detail_assets/photos/S8_photo_05.jpg,,5,,,
S8,drawing,S8,detail_assets/drawings/S8_drawing_01.jpg,Plan,1,,,
S8,old_photo,S8,detail_assets/oldphotos/OP_0096.jpg,Exterior: from south-east,1,,,
S8,old_photo,S8,detail_assets/oldphotos/OP_0097.jpg,Flying Palace: south face,2,,,
S8,old_photo,S8,detail_assets/oldphotos/OP_0102.jpg,Exterior: from south-east,3,,,
S8,old_photo,S8,detail_assets/oldphotos/OP_0114.jpg,Exterior: from south,4,,,
S8,old_photo,S8,detail_assets/oldphotos/OP_0115.jpg,Exterior: from south-east,5,,,
S8,old_photo,S8,detail_assets/oldphotos/OP_0153.jpg,Exterior wall with Flying Palace: south face,6,,,
S8,new_photo,S8,detail_assets/oldphotos/NP_0096.jpg,Exterior: from south-east,1,,,
S8,new_photo,S8,detail_assets/oldphotos/NP_0097.jpg,Flying Palace: south face,2,,,
S8,new_photo,S8,detail_assets/oldphotos/NP_0102.jpg,Exterior: from south-east,3,,,
S8,new_photo,S8,detail_assets/oldphotos/NP_0114.jpg,Exterior: from south,4,,,
S8,new_photo,S8,detail_assets/oldphotos/NP_0115.jpg,Exterior: from south-east,5,,,
S9,current_photo,S9,detail_assets/photos/S9_photo_01.jpg,,1,,,
S9,current_photo,S9,detail_assets/photos/S9_photo_02.jpg,,2,,,
S9,current_photo,S9,detail_assets/photos/S9_photo_03.jpg,,3,,,
S9,drawing,S9,detail_assets/drawings/S9_drawing_01.jpg,Plan,1,,,
S9,old_photo,S9,detail_assets/oldphotos/OP_0109.jpg,From west,1,,,
S9,new_photo,S9,detail_assets/oldphotos/NP_0109.jpg,From west,1,,,
S10,current_photo,S10,detail_assets/photos/S10_photo_01.jpg,,1,,,
S10,current_photo,S10,detail_assets/photos/S10_photo_02.jpg,,2,,,
S10,current_photo,S10,detail_assets/photos/S10_photo_03.jpg,,3,,,
S10,current_photo,S10,detail_assets/photos/S10_photo_04.jpg,,4,,,
S10,current_photo,S10,detail_assets/photos/S10_photo_05.jpg,,5,,,
S10,current_photo,S10,detail_assets/photos/S10_photo_06.jpg,,6,,,
S10,current_photo,S10,detail_assets/photos/S10_photo_07.jpg,,7,,,
S10,drawing,S10,detail_assets/drawings/S10_drawing_01.jpg,Plan,1,,,
S10,old_photo,S10,detail_assets/oldphotos/OP_0048.jpg,"Molding decoration on the side face of pilaster, west porch: from south",1,,,
S10,new_photo,S10,detail_assets/oldphotos/NP_0048.jpg,"Molding decoration on the side face of pilaster, west porch: from south",1,,,
S11,current_photo,S11,detail_assets/photos/S11_photo_01.jpg,,1,,,
S11,current_photo,S11,detail_assets/photos/S11_photo_02.jpg,,2,,,
S11,current_photo,S11,detail_assets/photos/S11_photo_03.jpg,,3,,,
S11,current_photo,S11,detail_assets/photos/S11_photo_04.jpg,,4,,,
S11,current_photo,S11,detail_assets/photos/S11_photo_05.jpg,,5,,,
S11,current_photo,S11,detail_assets/photos/S11_photo_06.jpg,,6,,,
S11,drawing,S11,detail_assets/drawings/S11_drawing_01.jpg,Plan,1,,,
S11,old_photo,S11,detail_assets/oldphotos/OP_0121.jpg,Exterior: from north-west,1,,,
S11,old_photo,S11,detail_assets/oldphotos/OP_0154.jpg,Exterior wall with Flying Palace: from south-east,2,,,
S11,new_photo,S11,detail_assets/oldphotos/NP_0121.jpg,Exterior: from north-west,1,,,
S11,new_photo,S11,detail_assets/oldphotos/NP_0154.jpg,Exterior wall with Flying Palace: from south-east,2,,,
S15,current_photo,S15,detail_assets/photos/S15_photo_01.jpg,,1,,,
S16,current_photo,S16,detail_assets/photos/S16_photo_01.jpg,,1,,,
S16,current_photo,S16,detail_assets/photos/S16_photo_02.jpg,,2,,,
S17-1,current_photo,S17-1,detail_assets/photos/S17-1_photo_01.jpg,,1,,,
S17-1,current_photo,S17-1,detail_assets/photos/S17-1_photo_02.jpg,,2,,,
S17-1,current_photo,S17-1,detail_assets/photos/S17-1_photo_03.jpg,,3,,,
S17-1,current_photo,S17-1,detail_assets/photos/S17-1_photo_04.jpg,,4,,,
S17-1,current_photo,S17-1,detail_assets/photos/S17-1_photo_05.jpg,,5,,,
S17-1,current_photo,S17-1,detail_assets/photos/S17-1_photo_06.jpg,,6,,,
S17-1,drawing,S17-1,detail_assets/drawings/S17-1_drawing_01.jpg,Plan,1,,,
S17-1,drawing,S17-1,detail_assets/drawings/S17-1_drawing_02.jpg,"N-S, E-W Sections",2,,,
S17-1,drawing,S17-1,detail_assets/drawings/S17-1_drawing_03.jpg,Pedestal (Elevation),3,,,
S17-1,old_photo,S17-1,detail_assets/oldphotos/OP_0118.jpg,Interior: from east,1,,,
S17-1,new_photo,S17-1,detail_assets/oldphotos/NP_0118.jpg,Interior: from east,1,,,
S17-2,current_photo,S17-2,detail_assets/photos/S17-2_photo_01.jpg,,1,,,
S17-2,old_photo,S17-2,detail_assets/oldphotos/OP_0124.jpg,Exterior: from south-west,1,,,
S17-2,old_photo,S17-2,detail_assets/oldphotos/OP_0125.jpg,Exterior: from north-east,2,,,
S17-2,old_photo,S17-2,detail_assets/oldphotos/OP_0126.jpg,Exterior: from south-east,3,,,
S17-2,old_photo,S17-2,detail_assets/oldphotos/OP_0127.jpg,Exterior: from east,4,,,
S17-2,new_photo,S17-2,detail_assets/oldphotos/NP_0124.jpg,Exterior: from south-west,1,,,
S17-2,new_photo,S17-2,detail_assets/oldphotos/NP_0125.jpg,Exterior: from north-east,2,,,
S17-2,new_photo,S17-2,detail_assets/oldphotos/NP_0126.jpg,Exterior: from south-east,3,,,
S17-2,new_photo,S17-2,detail_assets/oldphotos/NP_0127.jpg,Exterior: from east,4,,,
S17-3,current_photo,S17-3,detail_assets/photos/S17-3_photo_01.jpg,,1,,,
S17-3,old_photo,S17-3,detail_assets/oldphotos/OP_0117.jpg,Exterior: from south-east,1,,,
S17-3,old_photo,S17-3,detail_assets/oldphotos/OP_0123.jpg,Exterior: from south-east,2,,,
S17-3,new_photo,S17-3,detail_assets/oldphotos/NP_0117.jpg,Exterior: from south-east,1,,,
S17-4,current_photo,S17-4,detail_assets/photos/S17-4_photo_01.jpg,,1,,,
S17-5,current_photo,S17-5,detail_assets/photos/S17-5_photo_01.jpg,,1,,,
S17-5,current_photo,S17-5,detail_assets/photos/S17-5_photo_02.jpg,,2,,,
S17-6,current_photo,S17-6,detail_assets/photos/S17-6_photo_01.jpg,,1,,,
S17-6,current_photo,S17-6,detail_assets/photos/S17-6_photo_02.jpg,,2,,,
S17-7,current_photo,S17-7,detail_assets/photos/S17-7_photo_01.jpg,,1,,,
S17-8,current_photo,S17-8,detail_assets/photos/S17-8_photo_01.jpg,,1,,,
S17-9,current_photo,S17-9,detail_assets/photos/S17-9_photo_01.jpg,,1,,,
S18-3,current_photo,S18-3,detail_assets/photos/S18-3_photo_01.jpg,,1,,,
S18-3,current_photo,S18-3,detail_assets/photos/S18-3_photo_02.jpg,,2,,,
S18-3,old_photo,S18-3,detail_assets/oldphotos/OP_0110.jpg,Exterior: from north-west,1,,,
S18-3,new_photo,S18-3,detail_assets/oldphotos/NP_0110.jpg,Exterior: from north-west,1,,,
T1,current_photo,T1,detail_assets/photos/T1_photo_01.jpg,,1,,,
T1,current_photo,T1,detail_assets/photos/T1_photo_02.jpg,,2,,,
T1,current_photo,T1,detail_assets/photos/T1_photo_03.jpg,,3,,,
T1,current_photo,T1,detail_assets/photos/T1_photo_04.jpg,,4,,,
T1,current_photo,T1,detail_assets/photos/T1_photo_05.jpg,,5,,,
T1,current_photo,T1,detail_assets/photos/T1_photo_06.jpg,,6,,,
T1,drawing,T1,detail_assets/drawings/T1_drawing_01.jpg,Plan,1,,,
T1,drawing,T1,detail_assets/drawings/T1_drawing_02.jpg,West Elevation,2,,,
T1,drawing,T1,detail_assets/drawings/T1_drawing_03.jpg,N-S Section,3,,,
T1,drawing,T1,detail_assets/drawings/T1_drawing_04.jpg,E-W Section,4,,,
T2,current_photo,T2,detail_assets/photos/T2_photo_01.jpg,,1,,,
M020,old_photo,M020,detail_assets/oldphotos/OP_0194.jpg,Exterior: from north-west,3,,,
M020,new_photo,M020,detail_assets/oldphotos/NP_0194.jpg,Exterior: from north-west,3,,,
Z1,current_photo,Z1,detail_assets/photos/Z1_photo_01.jpg,,1,,,
Z1,current_photo,Z1,detail_assets/photos/Z1_photo_02.jpg,,2,,,
Z1,current_photo,Z1,detail_assets/photos/Z1_photo_03.jpg,,3,,,
Z1,current_photo,Z1,detail_assets/photos/Z1_photo_04.jpg,,4,,,
Z1,current_photo,Z1,detail_assets/photos/Z1_photo_05.jpg,,5,,,
Z1,current_photo,Z1,detail_assets/photos/Z1_photo_06.jpg,,6,,,
Z1,drawing,Z1,detail_assets/drawings/Z1_drawing_01.jpg,Plan,1,,,
Z1,drawing,Z1,detail_assets/drawings/Z1_drawing_02.jpg,East Elevation,2,,,
Z1,drawing,Z1,detail_assets/drawings/Z1_drawing_03.jpg,North Elevation,3,,,
Z1,drawing,Z1,detail_assets/drawings/Z1_drawing_04.jpg,N-S Section,4,,,
Z1,drawing,Z1,detail_assets/drawings/Z1_drawing_05.jpg,E-W Section,5,,,
Z1,old_photo,Z1,detail_assets/oldphotos/OP_0191.jpg,Exterior: from north-east,1,,,
Z1,old_photo,Z1,detail_assets/oldphotos/OP_0192.jpg,Exterior: from north-east,2,,,
Z1,old_photo,Z1,detail_assets/oldphotos/OP_0193.jpg,Exterior: from west,3,,,
Z1,new_photo,Z1,detail_assets/oldphotos/NP_0191.jpg,Exterior: from north-east,1,,,
Z1,new_photo,Z1,detail_assets/oldphotos/NP_0192.jpg,Exterior: from north-east,2,,,
Z1,new_photo,Z1,detail_assets/oldphotos/NP_0193.jpg,Exterior: from west,3,,,
Z1,3d_model,Z1,,3D Model,1,https://sketchfab.com/3d-models/prasat-trapeang-ropeak-z1-z5-6d3b9fa98c84425f9c433de59b2a72c3,,
Z2,current_photo,Z2,detail_assets/photos/Z2_photo_01.jpg,,1,,,
Z2,current_photo,Z2,detail_assets/photos/Z2_photo_02.jpg,,2,,,
Z2,current_photo,Z2,detail_assets/photos/Z2_photo_03.jpg,,3,,,
Z3,current_photo,Z3,detail_assets/photos/Z3_photo_01.jpg,,1,,,
Z3,current_photo,Z3,detail_assets/photos/Z3_photo_02.jpg,,2,,,
Z3,current_photo,Z3,detail_assets/photos/Z3_photo_03.jpg,,3,,,
Z3,current_photo,Z3,detail_assets/photos/Z3_photo_04.jpg,,4,,,
Z4,current_photo,Z4,detail_assets/photos/Z4_photo_01.jpg,,1,,,
Z5,current_photo,Z5,detail_assets/photos/Z5_photo_01.jpg,,1,,,
Z5,current_photo,Z5,detail_assets/photos/Z5_photo_02.jpg,,2,,,
Z5,current_photo,Z5,detail_assets/photos/Z5_photo_03.jpg,,3,,,
Z5,current_photo,Z5,detail_assets/photos/Z5_photo_04.jpg,,4,,,
KH1,drawing,KH1,detail_assets/drawings/KH1_drawing_02.jpg,,2,,,
KH1,drawing,KH1,detail_assets/drawings/KH1_drawing_03.jpg,,3,,,
KH2,drawing,KH2,detail_assets/drawings/KH2_drawing_02.jpg,,2,,,
KH2,drawing,KH2,detail_assets/drawings/KH2_drawing_03.jpg,,3,,,
M045,drawing,M045,detail_assets/drawings/M045_drawing_01.jpg,,1,,,
M045,drawing,M045,detail_assets/drawings/M045_drawing_02.jpg,,2,,,
M045,drawing,M045,detail_assets/drawings/M045_drawing_03.jpg,,3,,,
M045,drawing,M045,detail_assets/drawings/M045_drawing_04.jpg,,4,,,
M045,drawing,M045,detail_assets/drawings/M045_drawing_05.jpg,,5,,,
M045,drawing,M045,detail_assets/drawings/M045_drawing_06.jpg,,6,,,
M045,drawing,M045,detail_assets/drawings/M045_drawing_07.jpg,,7,,,
M045,drawing,M045,detail_assets/drawings/M045_drawing_08.jpg,,8,,,
M045,drawing,M045,detail_assets/drawings/M045_drawing_09.jpg,,9,,,
M045,drawing,M045,detail_assets/drawings/M045_drawing_10.jpg,,10,,,
M045,drawing,M045,detail_assets/drawings/M045_drawing_11.jpg,,11,,,
M045,drawing,M045,detail_assets/drawings/M045_drawing_12.jpg,,12,,,
M045,drawing,M045,detail_assets/drawings/M045_drawing_13.jpg,,13,,,
M045,drawing,M045,detail_assets/drawings/M045_drawing_14.jpg,,14,,,
M045,drawing,M045,detail_assets/drawings/M045_drawing_15.jpg,,15,,,
M045,drawing,M045,detail_assets/drawings/M045_drawing_16.jpg,,16,,,
M045,drawing,M045,detail_assets/drawings/M045_drawing_17.jpg,,17,,,
M045,drawing,M045,detail_assets/drawings/M045_drawing_18.jpg,,18,,,
M045,drawing,M045,detail_assets/drawings/M045_drawing_19.jpg,,19,,,
M045,drawing,M045,detail_assets/drawings/M045_drawing_20.jpg,,20,,,
M049,drawing,M049,detail_assets/drawings/M049_drawing_01.jpg,,1,,,
M049,drawing,M049,detail_assets/drawings/M049_drawing_02.jpg,,2,,,
M049,drawing,M049,detail_assets/drawings/M049_drawing_03.jpg,,3,,,
M049,drawing,M049,detail_assets/drawings/M049_drawing_04.jpg,,4,,,
M049,drawing,M049,detail_assets/drawings/M049_drawing_05.jpg,,5,,,
M049,drawing,M049,detail_assets/drawings/M049_drawing_06.jpg,,6,,,
M049,drawing,M049,detail_assets/drawings/M049_drawing_07.jpg,,7,,,
M052,drawing,M052,detail_assets/drawings/M052_drawing_02.jpg,,2,,,
M052,drawing,M052,detail_assets/drawings/M052_drawing_03.jpg,,3,,,
M078-79-2,drawing,M078-79-2,detail_assets/drawings/M78-79-2_drawing_01.jpg,,1,,,
M078-79-4,drawing,M078-79-4,detail_assets/drawings/M78-79-4_drawing_01.jpg,,1,,,
M078-79-5,drawing,M078-79-5,detail_assets/drawings/M78-79-5_drawing_01.jpg,,1,,,
M078-79-5,drawing,M078-79-5,detail_assets/drawings/M78-79-5_drawing_02.jpg,,2,,,
M078-79-5,drawing,M078-79-5,detail_assets/drawings/M78-79-5_drawing_03.jpg,,3,,,
M078-79,drawing,M078-79,detail_assets/drawings/M78-79_drawing_01.jpg,,1,,,
M078-79,drawing,M078-79,detail_assets/drawings/M78-79_drawing_02.jpg,,2,,,
M078-79,drawing,M078-79,detail_assets/drawings/M78-79_drawing_03.jpg,,3,,,
M078-79,drawing,M078-79,detail_assets/drawings/M78-79_drawing_04.jpg,,4,,,
M078-79,drawing,M078-79,detail_assets/drawings/M78-79_drawing_05.jpg,,5,,,
M078-79,drawing,M078-79,detail_assets/drawings/M78-79_drawing_06.jpg,,6,,,
M078-79,drawing,M078-79,detail_assets/drawings/M78-79_drawing_07.jpg,,7,,,
M078-79,drawing,M078-79,detail_assets/drawings/M78-79_drawing_08.jpg,,8,,,
M078-79,drawing,M078-79,detail_assets/drawings/M78-79_drawing_09.jpg,,9,,,
M078-79,drawing,M078-79,detail_assets/drawings/M78-79_drawing_10.jpg,,10,,,
M078-79,drawing,M078-79,detail_assets/drawings/M78-79_drawing_11.jpg,,11,,,
M090,drawing,M090,detail_assets/drawings/M090_drawing_01.jpg,,1,,,
M103,drawing,M103,detail_assets/drawings/M103_drawing_02.jpg,,2,,,
M103,drawing,M103,detail_assets/drawings/M103_drawing_03.jpg,,3,,,
M103,drawing,M103,detail_assets/drawings/M103_drawing_04.jpg,,4,,,
M103,drawing,M103,detail_assets/drawings/M103_drawing_05.jpg,,5,,,
N5,drawing,N5,detail_assets/drawings/N5_drawing_01.jpg,,1,,,
N5,drawing,N5,detail_assets/drawings/N5_drawing_02.jpg,,2,,,
N6-1,drawing,N6-1,detail_assets/drawings/N6-1_drawing_01.jpg,,1,,,
N6-1,drawing,N6-1,detail_assets/drawings/N6-1_drawing_02.jpg,,2,,,
N25,drawing,N25,detail_assets/drawings/N25_drawing_01.jpg,,1,,,
N25,drawing,N25,detail_assets/drawings/N25_drawing_02.jpg,,2,,,
N25,drawing,N25,detail_assets/drawings/N25_drawing_03.jpg,,3,,,
N25,drawing,N25,detail_assets/drawings/N25_drawing_04.jpg,,4,,,
N34,drawing,N34,detail_assets/drawings/N34_drawing_01.jpg,,1,,,
